first_name,last_name,email,gender,btc_address
Kele,Coddington,kcoddington0@archive.org,Male,1rEDpMpHERu9Tq8pCXCkwQmgMG3PtuSzH
Kendre,Whitechurch,kwhitechurch1@google.co.uk,Agender,1Aq634DV4G711FjdVZywzee9LGCgqKD3Gx
Freddy,Baude,fbaude2@cocolog-nifty.com,Male,15p2ofw4KaqZnf5yYgMYcwMMwNqbteGgsW
Molly,Mounfield,mmounfield3@paypal.com,Female,1FKUUHjdVFVfBvWYmWWxjkxdeqeodNobKn
Dido,Lindley,dlindley4@tinypic.com,Female,12PbenshXHTTFCCdyVepaCaNwcR6Eifyih
Vanna,Spoward,vspoward5@ucla.edu,Female,1LBFadRKuQ3r7Lun9KMAqSM24inhHfkjKc
Augusto,Tweddle,atweddle6@hhs.gov,Male,12oD4GTXzAgFhC35A7oG554kTjTb1gpRWX
Woodman,Trangmar,wtrangmar7@nhs.uk,Male,14k2vpaynnoetbZWcocpj95LKUW7EJdbCw
Sammie,Bausmann,sbausmann8@state.gov,Male,1Ppy2171esKbHxpvQBwZJTGzZsX33PRp3C
Tulley,Seiler,tseiler9@economist.com,Male,175TtcT86DDAzX2c5sXD2HiQbMA5n5nCqj
Caspar,Vicarey,cvicareya@bloomberg.com,Agender,1HgQQVrU8WNEntQgeb8yFyiHfGK5tAnx9w
Bessy,Wraighte,bwraighteb@tiny.cc,Female,18cUbVXBF5q7z39vvLm2gEWqr11BnMzPmN
Binny,Nardoni,bnardonic@abc.net.au,Female,1D2tYQcp7o9F4qP73YesPn2uTmZVBAZxZU
Carlen,Brine,cbrined@deviantart.com,Female,14zsgk6QLpiatccL43N3Rm9CTTKmU67cG3
Evangelia,Tollmache,etollmachee@zimbio.com,Female,1KddpjngcpL5boeAPQ3fdvSm8AHQUzZE2x
Laure,Szapiro,lszapirof@theguardian.com,Female,18t6yZcfhGhiwSNeWbdtiYtoMpA7hnCShu
Saidee,Healks,shealksg@wix.com,Bigender,1NJ4jFU2ZbbrFhfSpDibuGSBhq2KaNKVta
Heath,Scogings,hscogingsh@biblegateway.com,Female,1NQZZBHU6NAYshY8EWgkuhmHSxkBVTzMrk
Yankee,Prothero,yprotheroi@mlb.com,Male,18WRPGB1CemwiiVd85GQLNJm9ePupkskZZ
Harrison,Canizares,hcanizaresj@yellowbook.com,Male,19GjjFhq4KKcJ8ZtLVGiYBYFQm1kCRYrLa
Roseline,Vasentsov,rvasentsovk@usgs.gov,Female,1BL9dF2xNZMxyudwVJ6nC3JACjiEh2eF9S
Flinn,McKeaveney,fmckeaveneyl@devhub.com,Male,13j2tRs7MsA2EE1bfskcjxo8p5EFrC3LZ6
Theodora,Cunio,tcuniom@goo.gl,Bigender,1C73MssacLZJXsFfhWkTVv68pFpqPES3Hu
Kerk,Minmagh,kminmaghn@zimbio.com,Male,1KCD4mzRFFrzd69WxTofX1bx3KKUrzYyph
Niall,Basketfield,nbasketfieldo@google.com,Male,16Qm8bhKNBhiUW9fDJ2gJLAdKh45DzH89g
Ange,Hallows,ahallowsp@jugem.jp,Male,1Q24YT8EkXri1tQczBsiroD4E7BFTFF1MG
Patty,Daffern,pdaffernq@independent.co.uk,Female,1PayPf8DDd3gatVkdLyhHour6D3opCd2SP
Malachi,Primarolo,mprimarolor@china.com.cn,Male,1GZgrZn7FUqD3G1ibbSHzd9iKM9wjGv1c5
Austin,Swatman,aswatmans@google.co.jp,Female,17AvH6ajpMzi167RFkb4Zvr7o1RpeLFLJ9
Gilly,Sinderson,gsindersont@sbwire.com,Female,19aB1GWyqxSxjp2TEFtNkDKDx4UwwzMVS2
Ingeborg,Troni,itroniu@bloomberg.com,Female,13WvTLHQEZrBJ5wGFSohwuRQypudWWMayv
Jaynell,McCalister,jmccalisterv@github.com,Polygender,1BwFYXqPPmHLk7Y6CT1YiRtozwZnq2QehM
Alyda,Sains,asainsw@google.ca,Female,1P5bSrfnQkfUVX7PoCA9n9wEYJgiL8hxck
Donavon,Mulholland,dmulhollandx@paypal.com,Male,13o5B4uQpyp2zYeBzrz2tttJp42qMQW4yP
Killian,McGawn,kmcgawny@ovh.net,Bigender,1JCMGPPiPVgZHa9bhrFvCPV2AdVTLi7TMX
Nehemiah,Minmagh,nminmaghz@bbb.org,Non-binary,14awmRDBmkFRetsebwMZxuCf2SnLT6SZKd
Alric,Gunston,agunston10@ihg.com,Male,1EHxVNkPWS95UpyS8UARxciWbPFRFYzbMb
Marianna,Gowen,mgowen11@marriott.com,Female,16Q4Hh8yzbKZLCQv6VFnD81qUGJX3EaS2s
Prentiss,Almon,palmon12@vkontakte.ru,Male,1NspKt1LjqQgPYehxfn5RwKoKhBQYfxRuA
Tonia,Runchman,trunchman13@mapquest.com,Female,16EYfTgPbJr7SKVMRd75pmr3iBkAcbrVKj
Goldy,MacKilroe,gmackilroe14@cocolog-nifty.com,Female,1BKS8VjRUYkKKGusTAw8swtGiM3CCJgkET
Paxon,Ghiriardelli,pghiriardelli15@tamu.edu,Male,1KYU5wzwsGat5niykVv3qnEgf4qt8Sa3Pq
Fields,Yglesia,fyglesia16@ow.ly,Male,1Phpm3P5gAyio8xXgvnDDqpLEzyDG96gKe
Shauna,Sherington,ssherington17@parallels.com,Female,1KVHgU3waAakR1pK63MubY7iUGBrQ8CoLe
Georgina,Tyer,gtyer18@reverbnation.com,Female,1DVZEHSt3wsxpQMhQNfmgPhHK8hqRmgQ3L
Rosmunda,Elvins,relvins19@tripadvisor.com,Female,13nwWT9WB3Dfkq4wjxMkCGuuZ4kqfnRC88
Analiese,Georgescu,ageorgescu1a@example.com,Bigender,12UxUDRAji3AnXss7u6yXHhKBqZLYrE6P4
Jeanette,Emmens,jemmens1b@bigcartel.com,Female,1HWoWLqt8vSgUDJsqSSeB8oMHogKkuikLc
Olenka,Sharper,osharper1c@alibaba.com,Female,1HgeATR8NRJ3Bb7rWoCJWNitEnGaiGToMA
Ody,McGuggy,omcguggy1d@omniture.com,Male,14AGfMM14dW6wFNfCYDMc16fcQmw728iNu
Gaston,Sherville,gsherville1e@utexas.edu,Male,1H9bpYYiCC3PiGuEEcVJTnrPAm2qshvxhT
Zeke,Keave,zkeave1f@constantcontact.com,Male,1AacRT5ie86WcoKd7ihWy3bFqUNVtPk3di
Katrinka,Townend,ktownend1g@time.com,Female,1EpvFEVPhwRe7dg8hcpMH8R61ddm9m5XEZ
Miquela,Caff,mcaff1h@nps.gov,Female,1HtBKJiDKs6Pt6r5BemR3qayh1NbkJSumq
Cull,Vogelein,cvogelein1i@telegraph.co.uk,Male,1HKyNVh1mhBtii4VJzjaAF8jQ5R6jdvecs
Kimberly,Charlo,kcharlo1j@blogs.com,Female,1E6XSmLdp5ais6j1hmWrSVKVypUehwBW8K
Moss,Cristofor,mcristofor1k@technorati.com,Male,1DBMkVuQKuVMqBH88Bb1UC92xShfmBBVn5
Adriaens,Baum,abaum1l@mlb.com,Female,14QEw9ieoeCBQoSctuhZfvUgtXUuSuUPXv
Roderigo,Longshaw,rlongshaw1m@mozilla.org,Male,1PMejidQAGgcxta35S4LuWuhHsoq1RCsMC
Iggy,Dudley,idudley1n@cnbc.com,Male,16hQ9egS53RNkiQ4Ranr7RQKvGLBLyUACC
Daphne,Dahlberg,ddahlberg1o@trellian.com,Female,17ipNiFrWVoriZZfwKc2Kb1S1zQ7U6MKXd
Eduardo,Galey,egaley1p@adobe.com,Male,18UVu3cqRrqSWGrDzYeTDyB4Kefjj476fG
Mason,Robertshaw,mrobertshaw1q@deviantart.com,Male,18tfz2uoUevwPbHZexdiBvkKNQKRYueLVn
Chrysler,Collins,ccollins1r@google.com.br,Female,1EygzcP8NEWsqG5RXGdZrXwzELgrj5cvfL
Scot,Wildbore,swildbore1s@sitemeter.com,Male,1GdZ1ZrnZ25qUnJEiiahnQ6vUSsv8mA9Sk
Rustie,Mustard,rmustard1t@blogs.com,Genderfluid,1CefTXQsnHusYMJb3gCjLGntp8FUEcRA2m
Den,Wickwar,dwickwar1u@ehow.com,Male,1GrH4b11Hnt6dohGZDjKXhBCNWs3bdrGUX
Alessandro,Parsonson,aparsonson1v@elegantthemes.com,Male,14ee8dcMEaLpkZ1n5cjRv9WRtDuE2kczgk
Galvin,Sibun,gsibun1w@slashdot.org,Male,1EwQ6MCikoyrY2npvFaHuHGAT8f98jcgyJ
Bobine,Rois,brois1x@cyberchimps.com,Female,1MFBW4kUFnrydE1bBtv9K3xSfuJvh6hgVx
Garrek,Kurdani,gkurdani1y@blogtalkradio.com,Male,1EuGGkLjtRZ4tP1ktKj1sx19UVfvXh6tP8
Zandra,Sterzaker,zsterzaker1z@buzzfeed.com,Female,12seV5MsECNbcce4t7hoXG4jFmv4qkauen
Axe,Plenderleith,aplenderleith20@prlog.org,Male,1BDUxz64PGJ8QnbNgEidzw3paCoPsqVwHh
Cary,Rogers,crogers21@g.co,Male,14HuoF6Z15pwxmuWU9BnhijL4PCKdpThB8
Alessandro,Ferguson,aferguson22@unblog.fr,Male,1DXGU9gQ8opqj6z5J1raY9adnLoCpAjqvk
Pooh,Sproat,psproat23@state.tx.us,Female,17kFcqvVboF4C7ZtWcMcth9FWU686WAn1L
Rivy,Foddy,rfoddy24@wiley.com,Female,1BDbH2WUVsUjDqhsbk4Z5kwTUuj7FcdHWq
Sven,Goolding,sgoolding25@upenn.edu,Male,1JiwGNBooAKp1VmoUGSzoQj1VCb7zJDqL8
Owen,Blenkharn,oblenkharn26@nsw.gov.au,Male,1D7PihCgdyg8yGQusqeGq8jgREYadsZ6tq
Joel,Gibbs,jgibbs27@dailymail.co.uk,Male,1H4DsjTm9XiQzhs5btgv3Bs8pRKt6vcCzw
Xavier,Clingoe,xclingoe28@dropbox.com,Male,1CHFqNhNP749K8KcnKmJR29qqW6ocDamea
Carole,Titheridge,ctitheridge29@artisteer.com,Agender,19QeinrKwko8u2QJ4omYdh9S2KjGExRENL
Kerk,Hance,khance2a@yandex.ru,Genderfluid,164KNjNVd42FeNXg4ti1DUjSXs8WndWvwT
Carver,Sherewood,csherewood2b@hubpages.com,Male,15mLvxEy44WUgAW3kpCfjttCjwwqy5rjHu
Melanie,Gasperi,mgasperi2c@princeton.edu,Female,1F8btLkWZmHrtsbnjSrhyAASiPnrEvyDeP
Cathryn,Tagg,ctagg2d@xing.com,Female,1Q8aw4xMMoFz8Mnc8TpEm2FLYN16nyNqMj
Carole,Shalloe,cshalloe2e@prlog.org,Female,1LuvFXriq1RiTAS5MwperCJHbXswhDizQz
Concettina,Marklow,cmarklow2f@dion.ne.jp,Female,142A47T7Eeei9CngMv88wSYBBrR52hiX5p
Valera,Clinch,vclinch2g@tuttocitta.it,Female,1PAGzTQGP7unbTb9iVqmeEyvGyZLoPy7Rc
Izabel,Ioselev,iioselev2h@printfriendly.com,Female,1CKnfF4ZGNGPgEMY7R8EmjQCVFEAbifVqn
Winnie,Dolohunty,wdolohunty2i@google.pl,Male,19aSoDeBkPSXTHP5cgNGwCuGcGSp1e8kWJ
Lindon,Hammerberg,lhammerberg2j@europa.eu,Male,1HLK65a6sAJWGhwcnmQNvzAEoMxRjc1t1W
Briant,Dormand,bdormand2k@rediff.com,Male,16AsaopoNANzaFxGEcM6gYN9TJrNPrg8a2
Alisander,Mortel,amortel2l@mozilla.org,Male,1KwjWzJdi8BR7nsDcYXQrdmoER3RcZh5SK
Guthrey,Jedraszek,gjedraszek2m@meetup.com,Male,13roKXcv6brhvsiHUWwUKSRU3GjQZXpGP8
Marietta,Schooley,mschooley2n@walmart.com,Female,14rByj1HSmqURexN35AkLvfFJKy5FnHEno
Jaime,Jancey,jjancey2o@uiuc.edu,Female,1HgNPVrK6rDTYazpQKTR1gHuN3k8S5AkzC
Clarinda,Primmer,cprimmer2p@pinterest.com,Female,13eup7hE5ACqkZAarXbW96fi8QvB1Whkqz
Martguerita,Gladstone,mgladstone2q@yolasite.com,Female,1BkFejXtdyLhovwcmwZKWHQk4GFkNQFLps
Natty,Cashley,ncashley2r@addtoany.com,Male,1DUeQivLCgmJWVfHEsHYJtd2KiVQd2dmbN
Burlie,Wainer,bwainer2s@exblog.jp,Male,1BWqY8swLB3vcsJpUAUjV1mha3cGmGZKFv
Bernhard,Lantaph,blantaph2t@ebay.com,Agender,16Z2hN4EydBrgnnfKbnN2xCMhYpZnovbqV
Leonie,Zamorano,lzamorano2u@e-recht24.de,Female,1BQkkzquYPUjetQ8Vx4eoVEgDBjF4YUM4S
Tudor,Ishak,tishak2v@sfgate.com,Male,1Q8eo2J9kXjCWJM1457hEXwQCxEJuoiLoJ
Quentin,Danshin,qdanshin2w@barnesandnoble.com,Bigender,1FteHFif61EvmKbHwseeRf6XjTTWJR6y1z
Raye,O'Brian,robrian2x@blinklist.com,Genderqueer,1PHpBMNQgoRazv2aXWhbAHMFRdKdq1SpJU
Abbott,Rhodes,arhodes2y@gov.uk,Male,1151wzqBrKpr76e4wAmc6veH6akEJQEu4b
Henderson,Kittredge,hkittredge2z@dion.ne.jp,Male,17JoHAssHxvuQYBRrEdZ2z8vbsDALegZRm
Joshia,Getty,jgetty30@netvibes.com,Male,1Pg9MeP15YS3pK9t2XwndyjenSi3bm9ths
Damiano,Sproson,dsproson31@abc.net.au,Male,13YCP22pHqdduvBybUytJiFrEEiRg5hyt6
Howey,Titlow,htitlow32@nbcnews.com,Bigender,1BxA9KrvGcfba3zDC7q1YUZdYZn7hZA3D6
Gordan,Simenon,gsimenon33@ihg.com,Male,1CKGTigQnXm68CDTmkL8MsCp7m2vK5EzKG
Ken,Kirkman,kkirkman34@dedecms.com,Male,1FHK28YjGertKzkAfZgyFoSrRkGqmGYjcT
Wilmette,Sich,wsich35@constantcontact.com,Female,1LoQwoU1VJ4DPMMYG4f4G7T2gnSbTnBm4F
Maxie,Crozier,mcrozier36@moonfruit.com,Male,1P7YY2NZhpzvRpyCxk89QD2nSpYA317iyQ
Fianna,Willard,fwillard37@cbsnews.com,Agender,1M7Gy6w1Ccygx2dA63mQ4JjMpunzZit4r2
Mischa,Bover,mbover38@com.com,Male,16uqxBDEVfTHH4aZQK58HPydSkgWuh8FCV
Ephraim,Kivelle,ekivelle39@addthis.com,Male,166V1uzSeZ4bkchRfgVW53RABPgsXpfmiV
Dex,Buckles,dbuckles3a@seattletimes.com,Male,141ehQWbjREemi24GTnULEjboMXRt89srH
Rochelle,Phebey,rphebey3b@cdc.gov,Female,1FzhoqMouA6sjU9h7KXfwCo6d8gFDiX5yV
Gertrud,Colquete,gcolquete3c@senate.gov,Female,15kcAEAHyhicqDQFXBbZUEUBUGbyMgZubp
Joann,Freschi,jfreschi3d@ocn.ne.jp,Female,1PJvQVdGGXrzZNerFmrGC836D4epMp8jC5
Rip,Antonoczyk,rantonoczyk3e@nbcnews.com,Male,12ENyqUbEaXjcC12xs6APvWayjh7ARkE2P
Alecia,Baitman,abaitman3f@example.com,Female,16VbRJX4YVhdizyYC4bFGDKEkQW9dynnuA
Garner,Stachini,gstachini3g@bbb.org,Male,1Ka3uKc33ab2rUugZJMRrrhQdHiecjVHX5
Ingeborg,Webb-Bowen,iwebbbowen3h@com.com,Female,1Lb4gnEYFxZRHsmiUzYuNB4xXPhTdRgS1e
Harlene,Mealham,hmealham3i@photobucket.com,Female,1B8Bb2pYt6prqqpssH1g7UqVybB8XKHW2U
Laughton,Thormwell,lthormwell3j@hp.com,Genderqueer,178WZdW5Hp4CbNdeU9PzbvkVYaoVPpgsGZ
Hastings,Chang,hchang3k@google.com.hk,Genderqueer,17a1in5Dw8DCvqGVXHXwDzdrP3gzxHx2vn
Nicola,Turbern,nturbern3l@guardian.co.uk,Female,17S8sh9F5wf23iWGSypzFaPAxeJ7xi3DWz
Teodor,Hekkert,thekkert3m@bloomberg.com,Male,14b2ZrJoGfJEgmR3RWbkpHgrzfeJAVhY26
Clara,Spinage,cspinage3n@ucoz.com,Female,19TWoFP8BhfMotMVqh7cT8aSHUwNRrWcXN
Darius,Dorricott,ddorricott3o@cbc.ca,Male,17X1dKYpLS7KVkZQxzfGuUor5VcaASg6Ec
Dacia,Nern,dnern3p@google.es,Female,1AYXmdKt3gqC42vxjFsjZJRHTDJz6XHbX5
Giorgi,Folke,gfolke3q@toplist.cz,Male,1LDQhATmyk12w778hhMUpj9Uu447yL32T7
Agneta,Ucceli,aucceli3r@com.com,Female,1CuukFBijuvh567tkczV5zTFpQ6ypD8hKf
Meryl,Larking,mlarking3s@bandcamp.com,Male,14tx4ysMQMET8YNobtczZByCjUnZYS1NHS
Eziechiele,Scally,escally3t@tinyurl.com,Male,1GZutVZkvxnbKxeHMQmXT4gDMTffzi7kgg
Morlee,MacMickan,mmacmickan3u@ca.gov,Male,1F8chVKgYuu2kGXUnw4dPh5tUxD7Z2FeQi
Florian,Caunter,fcaunter3v@home.pl,Male,16so9v2gXGJm8wABBrBGqUzHVLHEKQJsPe
Fergus,Allchorne,fallchorne3w@sakura.ne.jp,Male,1Lizh7unBzMoEDAsVmzeF6aK8fnnxiNJV8
Waverly,Simoncello,wsimoncello3x@about.me,Male,1RxiLDdq2s4pyYrEQfRVX7s4NMooR1Ms8
Marcus,Geare,mgeare3y@reference.com,Male,1BhqDD5AFmWbjc7Poa7NteuVbQsuFTfZ19
Bonny,Benam,bbenam3z@prweb.com,Female,13ernTfyhewnNSePdMPGAFLRXuoee9GmQV
Antony,Davidovits,adavidovits40@blogger.com,Male,1hFZfhHg77j2f87dsx8gGS5eXYCNouZV7
Cyrill,Eastcott,ceastcott41@nbcnews.com,Male,1L2yLqVFuZpKPkF34k8s7pKbywks5MmuLd
Tedie,Towers,ttowers42@indiatimes.com,Male,18hBYr3nsibMK4bDgDLDwP2CoRMcNvydY3
Netty,Rabier,nrabier43@nhs.uk,Female,1EdSxMQqkJ4EXEbPzkfZrK2cK5E6sMeudj
Nesta,Keele,nkeele44@devhub.com,Female,1B5r7dP7v2HYWZgKSmEdmwhNRNnQjfPD4E
Gregoor,Brockie,gbrockie45@wikia.com,Male,1B4aWVf5RaVTwPXB74mnMey9GW2pa6r7UF
Janot,Donnellan,jdonnellan46@ask.com,Female,13Wc3TLBiYdjstozfRpAhyfGyGEF1bijzG
Renard,Turney,rturney47@hatena.ne.jp,Male,16AWKChv9viCmcwWoSYxep9CdyQA4Hva5a
Paola,Patching,ppatching48@chicagotribune.com,Female,1BGxLTMyNBduuBRvm3dNYih7iAGvd3U1Fn
Portie,Lomaz,plomaz49@chron.com,Male,1G6SGXjyTZJf7w2JSwGaAMaY65ryJ7EY2w
Norrie,Raithbie,nraithbie4a@vistaprint.com,Male,18mtEFZE9ZzUu9fCMQgjMu7WeSWGQNMwbj
Agustin,Duckham,aduckham4b@bbb.org,Male,1CLwukbzM7Ww8X4hxg2Jdua2EFgM54z2eF
Berte,Thomel,bthomel4c@studiopress.com,Female,1HyWyiSn7vEpMnCjAvqjNdZj1kFFVTwSF9
Paolina,Normant,pnormant4d@paginegialle.it,Female,13gcb2xEirmYqZGSYRNRDZfWmnaXJs1Jyz
Erica,Jerratsch,ejerratsch4e@example.com,Female,1G7T4tQ3nD2T26jN1GUzgCmsgBBXqQ5T3a
Drusie,Heaney,dheaney4f@ow.ly,Female,191UFVDpDwSBhTGfCCJeGA9dv6et9BMaFu
Ula,Herche,uherche4g@macromedia.com,Female,16S4yB91NPCJiLkxVEsnxHvNWTefdm41Cb
Maury,Paulton,mpaulton4h@slideshare.net,Male,1KwHQ7ws5ecbR6k95qsoQwoKTzHXqNa4B8
Clo,Lucia,clucia4i@com.com,Female,1LWpJ3mkLXNrGug4THAfEDiqneoX3i8s8D
Estella,Chieze,echieze4j@jalbum.net,Female,1GXWPsgWBac9r9irix6JoXc8uEEY7xmaFh
Darci,Clampton,dclampton4k@buzzfeed.com,Female,19cRzAp3spsPDrVuvTFktHfQuf4apc6xq1
Darcee,Mullaney,dmullaney4l@scientificamerican.com,Female,1AfpMHy9sJWwEWJ43YN57dzjsfEsJ71qy7
Maury,Goodwill,mgoodwill4m@1und1.de,Male,1MfG8uZcd2141wdGz5HCAUQcYFY9Nti1Wz
Dyane,Jaggar,djaggar4n@squidoo.com,Female,1ArrmRJ9C1MJd721wMWz2w8eX72s9Mf7tV
Jennica,Whitwell,jwhitwell4o@ucoz.com,Female,198MzVFALe7H4Etm5QbYB4xaJG2GZC3TNt
Brittani,Berendsen,bberendsen4p@deviantart.com,Female,15YTRNdcNhXzJxAqvGsrVL1QLPgrhnEMHi
Myrtie,Harner,mharner4q@feedburner.com,Female,1Ps5K73r6eqHv25wJMffXjkSjH6nLhKSE9
Dallas,Dugall,ddugall4r@gmpg.org,Male,1FdgRMrGJLyiWD9fHL48SEQVmPzSRhmapa
Diarmid,Cosgrave,dcosgrave4s@usnews.com,Male,13W5dT8m5Hr9y6LZfpiBy1oFoFjH1kpiXK
Terencio,Baiyle,tbaiyle4t@amazon.co.uk,Male,1EDync2QogSCCkh3Ds1hxR8MJEzx3kFvJF
Tatiania,Priden,tpriden4u@tripadvisor.com,Female,1JLTAjWFaMHyDQYZqasSLGPizUv2ktfK6e
Arne,Riteley,ariteley4v@washingtonpost.com,Male,1FbYuiXX3SjBZZjnbvWLPap6rPg4Kh9PsJ
Sally,Runnett,srunnett4w@amazon.co.jp,Female,1HvzK5HBFz7bc3VUCoEkTkVcvJyXPozLmq
Wells,Mackie,wmackie4x@pbs.org,Male,1BPkdoEB94LquFtER47tyiXuAtsnW87tim
Mitchael,McTrustey,mmctrustey4y@sogou.com,Male,1FzPLUvWKQmBscfCs4XjDP7winqzELGxsi
Garrek,Josefsson,gjosefsson4z@europa.eu,Male,13JCsGBJ8HUfJ8sxTTX4Vn7PJoBBcormJU
Nonnah,Cereceres,ncereceres50@list-manage.com,Female,1KCzr7CuTLf6yz9AF4DkyvfS8q5rCLPF24
Carlie,Vasechkin,cvasechkin51@nhs.uk,Male,1G5aMAVqBaK8PT4UErTopkP4F6VNprGvhe
Willamina,Arnli,warnli52@xing.com,Female,1FPZXYD3zPzgZoo5vbaZVzbQ7fKK7vz3Jz
Drugi,Klug,dklug53@pagesperso-orange.fr,Male,15Xgc6vQKmmvhSEhjQRC2oNd1s28yA4Uj3
Hugo,Bramham,hbramham54@furl.net,Male,1FTyqqZG7VbYLV2FqRuWVFUadzwxmUaA4S
Darell,Hostan,dhostan55@addthis.com,Female,14Nk3niLgqY4RrkyyRcAuLSZtGMKjPhXKR
Pandora,Slany,pslany56@artisteer.com,Female,1AtDqnKoBRMhffSrdrxbn4y384e1oDsZEV
Charyl,Limpenny,climpenny57@usatoday.com,Female,17MuzML3347Qmymait45z8x6HUvSDz3wJy
Kippar,Walthew,kwalthew58@hp.com,Male,1MyLSMw6NuX9Gdto13YgMSzqRPeCkgV3EQ
Brocky,Delepine,bdelepine59@netvibes.com,Male,1GuBwaZCVq29WYJu3xMtse9tGgujd6LpTf
Ryann,Dmych,rdmych5a@columbia.edu,Female,12UUuuFVYwKdkg43oLh5brryu9aUam8nwR
Stormy,Febry,sfebry5b@slideshare.net,Female,1AG7t7EZsFeXeeTAn36MKsxWm44bHYn1KS
Monte,Baroche,mbaroche5c@latimes.com,Male,13NYHQq4P4noHnrU4kRrQUYDCMDMNcz12J
Rabbi,Lettice,rlettice5d@washingtonpost.com,Polygender,13wjq7wiRT7x5mekaB17Cw3SZgD9JMaT2p
Val,Horlick,vhorlick5e@yelp.com,Male,1AYfVzYaeyrcorors2rRxGuqzX9dez6GEB
Clayborne,Offord,cofford5f@addtoany.com,Male,1DRTVLM1GwrHRQufyKRkR4TgjRvv7YZGJR
Debor,Amsden,damsden5g@soundcloud.com,Female,16XoqXhe1XWXRCUMUBRDeVmGjqDaWbkN27
Elisha,Partington,epartington5h@youtu.be,Polygender,195cNMauJ4hYK7o6jCgoUXAc35rBLb8sR5
Lancelot,Obey,lobey5i@tumblr.com,Male,1XmLUcUKQVK1cjDFCfotdg2k8Uw8EnDjA
Gallagher,Probey,gprobey5j@phpbb.com,Male,15yLNBHVcPauq2biUSfu2zuf3MdAbSb3kS
Xymenes,Village,xvillage5k@unc.edu,Male,1NDpwMNL39fwtDLyGE8qek6mygcmUVpuy7
Blisse,Capon,bcapon5l@4shared.com,Female,1DqswQqUZzNECdV9ZM8XgErLSeBPpXVQWY
Sapphira,Dobrovsky,sdobrovsky5m@xing.com,Female,12Qw3R2CVRKZGgCDZboQaQ6tfx1kT95W59
Dacia,Libbey,dlibbey5n@auda.org.au,Female,1BV12HNzYe4yEWJmfhjLDXLrc9A226zvPL
Lorenza,Reide,lreide5o@disqus.com,Female,1Lbx8WLK85UDvSefAZ9RBZB6rtWueQEzwz
Sherye,McHenry,smchenry5p@typepad.com,Female,1Q9HJ6GVMYTT5ivAhSDvmHM6oV7wQNzQW3
Gail,Tooze,gtooze5q@a8.net,Male,12ydsknCtDs3i2y5Yni9fR8ztZXXGkKkkk
Reade,Curry,rcurry5r@mysql.com,Male,1PGNCfwtJzx3TvgRfTEDyYx5P46mNa8FA9
Coralyn,Anshell,canshell5s@delicious.com,Female,1KPa946P75dzY3ELhcL1hfgp3sdBHeoZf8
Saundra,MacNamara,smacnamara5t@prlog.org,Bigender,12Mwvkmud3vAv6MEVqBN2YbAN52hjAgjKA
Mirna,Gowry,mgowry5u@tumblr.com,Female,1HDrUCfhGCQZcqQhPnFQ69C6qx1e8ZBB13
Gibb,Carlino,gcarlino5v@answers.com,Male,1xbNpt36gp7Arfepe6n8jh7P9HmdYJUCc
Rikki,Tryme,rtryme5w@nasa.gov,Female,12n8gDroV9aTrwte2N1UfUhBu5y91ec9Sh
Dirk,Storrie,dstorrie5x@joomla.org,Male,1PDVBJi8dD3xPEYAQh8PmitWr6Bh3Z8P78
Blinnie,Maryott,bmaryott5y@nationalgeographic.com,Female,14bnGUF9rkfT3rjFks2BCmQKdCoGgv2JoU
Laverna,Dawby,ldawby5z@behance.net,Female,17hPZ598KCVbyh1VMsdBpfbTWLak75ntjR
Cristobal,Rawlinson,crawlinson60@flickr.com,Male,1HNJk8oRYVCsRvjUJcvChbU6Ty1CBDM19b
Rafaello,McMenamie,rmcmenamie61@foxnews.com,Male,1FD2NRxSg4CskYmUDffEn4BdNUQUFEJBA5
Collin,Mebes,cmebes62@1688.com,Male,1NVwQUH9oR2hB1ymCBM5xgCq7MfesB3EA3
Kevon,Kilfedder,kkilfedder63@usgs.gov,Male,13cL3nFUf7RqQuvnSh2dzhA768fFE5p45Z
Wallis,Jowers,wjowers64@google.cn,Male,14V9qN446dNPjUzQDGc1csuu86Yepvq8Wa
Aristotle,Antonomolii,aantonomolii65@cbc.ca,Male,1MKNEygaWcTVG3U9p8Lu2AmnwALhPhWzaB
Victoir,Ariss,variss66@dell.com,Male,16BBA3AcTydRw3uyBK7F3AMnYwRdPvQK9c
Reinhard,Ridwood,rridwood67@deviantart.com,Male,1KqJ33fCqJ6WUJwcFeTDP3tH89eXnwPCM9
Durante,Murley,dmurley68@stumbleupon.com,Male,1Gr9q4pYLVsn3oWgqfCf66Mmq5Kzr4RY6G
Dov,Powland,dpowland69@columbia.edu,Male,1656m9tuy6HKiNoSzE3JEtmPwuEutmCt3N
Theda,Dummigan,tdummigan6a@amazon.de,Genderqueer,1MR1MkMhT6Cwgxxac5JFDhE2ewJuMR2mV8
Agata,Broszkiewicz,abroszkiewicz6b@joomla.org,Female,1KzSqF7szQemJQRjaDV6PSTwk3Z1SkrwvS
Keri,Sutlieff,ksutlieff6c@washingtonpost.com,Female,15yMLfN2rGeiTjNuKpiY9SdnanFoz8KmRz
Maison,Kellart,mkellart6d@goo.gl,Male,13Uor69TNToX6xoqsxhi7wEaizfy4YDVjp
Rosanna,Claessens,rclaessens6e@flickr.com,Non-binary,1PuZfKYSf5NG9fXcYTUAA5QWPYrtrya3x5
Sauveur,Endean,sendean6f@reuters.com,Male,17wWpWpdB6zG6s7h1m8YdAnN8PfyAtghBb
Sissy,Possel,spossel6g@unblog.fr,Female,1GF4ZgrrUeQ2kY95cAc7HoJPXXCnX8RA4s
Delbert,Klementz,dklementz6h@ovh.net,Male,1HBTtZHhUACPvbSmsZWfuBamKoS37L4CHH
Lula,Swainger,lswainger6i@tamu.edu,Female,1BpdCuucqEpWrhrQB3JDXHoUbt4bFbUJaQ
Sonnnie,Gorelli,sgorelli6j@shop-pro.jp,Female,1J9vBDd7wozKLuc5EM1b68v51Rhna1gm3P
Kelsy,Fatscher,kfatscher6k@usatoday.com,Female,1NCgyK3oDXBoVPyqgB8uc64kkbrV5wPyJk
Franklin,Siaspinski,fsiaspinski6l@google.it,Male,165m6td2fcvgp8aKJ36avYKSJea99tAWf1
Brenn,Ferrarotti,bferrarotti6m@cnn.com,Bigender,1zNn2UR7P7E7cvo5xBViJggw3Fw7fzCNj
Ruddy,Ferbrache,rferbrache6n@telegraph.co.uk,Male,1JPP2yARF9N6yuuWhSBDPwkS962jdwQdZ5
Cort,Tarzey,ctarzey6o@yale.edu,Male,1E8VTdjCaRnhxDv9iePLnQaADNeyYMScFm
Godard,Hugin,ghugin6p@msu.edu,Genderfluid,13WALVhjQ6hot71UmgQc4WPWEzA25EyoxZ
Karole,McCurlye,kmccurlye6q@mail.ru,Female,1FQU5VM6QoF2y5NkJoiuCr7K5J6npLBDWr
Bruce,Carillo,bcarillo6r@fema.gov,Male,13Jr2Vtq1tfGwybxNbnhH7e95uaRLQWXVw
Ransom,Cassin,rcassin6s@g.co,Male,1Aj7FcjhwT2ADmLjZ7ztf6cdvz5qcn7zNA
Thomasine,Havick,thavick6t@ihg.com,Polygender,1PTf9aGjF9zGVrdVLbt8LJmikZm9yg3Xht
Gabriel,Yushachkov,gyushachkov6u@walmart.com,Male,1GuidzRgLa77MZ8H1xnvhLMwT4cu9jGiMZ
Binnie,Farres,bfarres6v@dell.com,Female,1MA6CbEDGPxVsuBqHT8naEV5iUAuvoqbj9
Jaime,Berthon,jberthon6w@blogs.com,Female,1McEmKyhqvEv1BmALzhRsqRgh9Nwo3MskW
Alfy,Brotherhed,abrotherhed6x@desdev.cn,Female,1P3Y78sL6iBiWtW7ryNnwMaraL6oqjrfph
Devy,Judd,djudd6y@ca.gov,Male,12ENoWHCbb1Q9Gz1Z4jGp8b886m6cqykMp
Fay,Brick,fbrick6z@nhs.uk,Female,15B8HpcGQuZqGBYujPVUjtr4x7uFH9PKEd
Pablo,Daingerfield,pdaingerfield70@google.de,Male,1AJCMbVXiucNxE3fuinJNt21Cyp1onHgGV
Catarina,Lindeberg,clindeberg71@hibu.com,Female,1252aQDL2wfUJigbhc7oa563CXMqWL8WEF
Vasilis,Castelot,vcastelot72@webmd.com,Male,1GtBaTEfJRChsYBaPPpRjiXJ75QjkDMB4x
Giovanni,O'Mohun,gomohun73@surveymonkey.com,Male,1CUaXGLs7KjvGX5eesqRqW6nGigGqvHvHf
Arel,Armell,aarmell74@europa.eu,Male,1EwK7Z2bem55gsyGgouvsoNPTq42aojBTA
Emilio,Comber,ecomber75@sciencedirect.com,Male,14HdDWj23j2YE1z1rxoFRy9NARABHvsdEk
Candi,Plank,cplank76@miibeian.gov.cn,Female,1DciVH3NMohRzdP5SLt75TwCMLhA5a7kv9
Averyl,Lidbetter,alidbetter77@examiner.com,Female,166EzBA2MJBtXNoXfyqd6WMVFiDTnpfNHF
Aggi,Mattek,amattek78@free.fr,Female,18jLXromyZ29ZRzcoSDvegpJ785vpYZZyi
Inez,Runnacles,irunnacles79@un.org,Female,1GP48rcsVu1nW5rRx6opMch546fuMFpjc5
Kaitlynn,Chipping,kchipping7a@desdev.cn,Female,1NLb3RKe9R4F6sKxputYhBE67KtaxkhyJE
Gaven,Grunwall,ggrunwall7b@google.es,Male,1GFPECKQSoJCRiiAo95oAUCrV3tdXok5Ga
Florida,Crosher,fcrosher7c@flavors.me,Non-binary,1JJNy4S3uNqrpEe5R2gZC6iEk7cdWMH46U
Bealle,Bimrose,bbimrose7d@bizjournals.com,Male,1KxBD1FtwB2RHEj9hLRRpFVhbtTkVY8x9v
Orlan,Sutehall,osutehall7e@archive.org,Male,16NnVGMUyqhfPsQWwYzrPcNw7AJGgohHVm
Hannah,Rosenblad,hrosenblad7f@blinklist.com,Female,1KCkWgkMQig8GfuDBKs5LhVD4kVLtTzPYM
Chaddie,Letterese,cletterese7g@godaddy.com,Male,1Kdzwk3o9KeskU78oupDUVF387933TbNwK
Culley,Frugier,cfrugier7h@uol.com.br,Male,13xWtCft2oKqxWMCq65uYe6ygnMy6ZCe8Q
Terrel,Lillecrap,tlillecrap7i@cdbaby.com,Male,13FD6TAPmK8v3wbYsHPLbwFupwUd8zbHQt
Alejandro,Moden,amoden7j@jiathis.com,Male,1HFyhJTP9Ls9Yvw7jUJsSU6Y5NFrCcYp1
Dickie,Wilsher,dwilsher7k@ted.com,Male,1BnoMdoHzrDfMvgYPXtGY5YZ1mDPyuxxea
Sebastiano,Crankhorn,scrankhorn7l@psu.edu,Male,1BistKQxoy8EyPBiAm3qnRTS9PHEcL3iDV
Gran,Lawfull,glawfull7m@google.ca,Male,1EspmYzA6QjeAstn2y8wLk2oK2JyWcAtLQ
Glenna,Murkus,gmurkus7n@imdb.com,Female,15xaaw8TRDTDiiXtyCY72QvU8iP88JVU3r
Angelika,Trewhitt,atrewhitt7o@china.com.cn,Female,19SzQ3XrFLauRaMs6rQKicrs82ztDV5h7T
Gillie,Grass,ggrass7p@prweb.com,Female,1EWrT3kAP9nU1uff2MEy333vGrTbrZQK8z
Arne,Dench,adench7q@google.fr,Male,1FCRwAg8cGbVXFetrP4AgJwMfFU4W15jqp
Trula,Massen,tmassen7r@abc.net.au,Female,19CeCrGxbCarimCM72TazjoqSNnHmX2xVJ
Lombard,Armal,larmal7s@howstuffworks.com,Male,1P3UJKkoT8M5HirsdGkiN2ipD4BbTja1Tr
Kendrick,Juschke,kjuschke7t@google.es,Male,16F5nJqNT568z5qoGvtAm9kUWc5LKX4eTv
Dallis,Baudts,dbaudts7u@nhs.uk,Non-binary,14594RwGtqrDEJXs2pvWASn4xFeehBSK7V
Madelina,Eddis,meddis7v@wikispaces.com,Female,15i27DhBAneYuvJwGtfA2ddKFqX5NGuwNY
Jdavie,Bakster,jbakster7w@drupal.org,Male,1KzrQgFc7NQHnC123VrV4bQPHKtgpQM8HM
Tandy,Meir,tmeir7x@cdbaby.com,Female,1LPAxT1fKMKw6ZFvfwj7mstsPVczkpsgbz
Obidiah,Teas,oteas7y@sohu.com,Male,1FD56vL2szctAS7vo5YLhqXAmbwMHPGcVM
Marshal,Denham,mdenham7z@telegraph.co.uk,Male,1AD3TFFzwPyT6PvevousTgPu8tAYeTm6fN
Fremont,Huckle,fhuckle80@smh.com.au,Male,1RByzWpDVWsNBsoTVXN6HfvXmb7DAK4qN
Adele,Thumim,athumim81@si.edu,Female,1LgoaFsfGvU7wP7WnWXM6JpKJpBXboAjjg
Tasha,Bailes,tbailes82@example.com,Female,1AyZwa9xJMPUMGW8i1SWNb4HKBGgE2xCov
Mommy,Kuschel,mkuschel83@zdnet.com,Female,1162JBiMcatBF8LRgau6Fbkwf24c9UgQum
Reeta,Woodfine,rwoodfine84@themeforest.net,Female,1EvN4qT2ESLmEZDQgcDZW3Jy3acHKwJKms
Rooney,Brager,rbrager85@drupal.org,Male,1Cq1MPPof4QB2oe7mgCJARHTZWk9yEzaFv
Scotty,Leggat,sleggat86@ibm.com,Male,19aKYJ6QHQqvHKLWqVf1TAMsjRqdiGWLnM
Carleen,Torrie,ctorrie87@instagram.com,Female,1M2JpsQMNgV4Urz4JroLitVFjWyY5bt443
Brodie,Landells,blandells88@google.nl,Male,177XwM4A7r8pQhXPHd4UVL1MGazqK6WnZi
Erroll,Durrington,edurrington89@is.gd,Male,1J8PAPfeDwRhV5DX5i4JJLnX7saLogUzVY
Midge,Worg,mworg8a@yandex.ru,Female,1QJtuswzRrRWTimncDjzqzSVyv9Z3XYMWi
Annemarie,Jurges,ajurges8b@unesco.org,Female,12U18f2U3NGtLN8PsCseHWVyJkUjbk18Jr
Oswald,Stodart,ostodart8c@g.co,Male,1PxMT9DDpQ3854zeq3Sqpwb5mVjwW9F6EN
Filmer,Fedorski,ffedorski8d@networkadvertising.org,Male,1PjsnfmLSezYd3StT2p9mDJNCzfLA6NxiT
Brynna,Wesker,bwesker8e@e-recht24.de,Female,1Mj7Pc1vogsKBzV2HvyCTGL9qLD6pBJioV
Leeanne,Kernar,lkernar8f@scientificamerican.com,Female,1P1M9PpW7Tu8ttxPobUTdXi5EaXYLC9Wrn
Felix,Nosworthy,fnosworthy8g@amazon.de,Male,17eY68YSfXSb9E61gCpKJXtQ7TsUBqTb5C
Crista,Essberger,cessberger8h@telegraph.co.uk,Female,1Mk65WVQHZbHAZq73cn9K5kqDLRBEdq73b
Anton,Sealy,asealy8i@newyorker.com,Male,1MKXQUEFQt3QL2RAPWXNNB9iarZJjqZiPb
Susanna,Bracher,sbracher8j@moonfruit.com,Female,12qVSZQA8Fkp77hks8jpLuf4toFTXzzs4J
Hagan,Brandin,hbrandin8k@furl.net,Genderqueer,1AboFtTWSLMFMAvuPmoXJVue9c1n4hkXxK
Quinton,Neggrini,qneggrini8l@army.mil,Non-binary,1QBDzWJos7fQV5B4M9Bbo8AHJHJuE6rEQK
Hadley,Pineaux,hpineaux8m@rambler.ru,Male,144W88athQyv91729dZR1Dzxp8uAQTRcyH
Xerxes,Dumphy,xdumphy8n@odnoklassniki.ru,Male,15WPyUhHzFcZv7YPCY6Q9PEo7FfPyZrkta
Zacherie,Eskriet,zeskriet8o@pagesperso-orange.fr,Male,1FboY8cgMoh5SSnnfKy18wLUtXaX3fMr8R
Adriane,Greydon,agreydon8p@sciencedirect.com,Female,15pzr6cKsg4wXtWhm3EPvx4BBsSZFvdL5S
Kathleen,Broadfield,kbroadfield8q@gmpg.org,Female,1QL38yiHVUMqBXxZGp89n5ArgAYdpt1JY1
Brien,Bessom,bbessom8r@tinypic.com,Male,18x3m72gnaNQgJwAKAS1uzzdkH5WgQAajY
Stacie,Almon,salmon8s@elpais.com,Female,14PVCoWUFCzSyVJe7EWTzqb9XiR9rqKLQ3
Vachel,Carswell,vcarswell8t@pinterest.com,Male,1MHYs6hhFCuL6cAiTFEo4WJHB3sc6GxWg7
Kimberly,Burford,kburford8u@wikispaces.com,Female,15n2twbV6Fo8qKE3ZxpEykvxz8fhdBs4YY
Mac,Gummory,mgummory8v@nyu.edu,Male,1AaXmFmr7FQWqHCXUcmQWwp9zfdiD53UuB
Garrot,Pablos,gpablos8w@huffingtonpost.com,Genderqueer,1MP4hb11GELeAqtfj1E8bsmyibaZ9bowpe
Obediah,Poge,opoge8x@pinterest.com,Non-binary,15jth4uQvfSezG8JMpdRQ9JYw5u9XnU7qP
Thorndike,Whiten,twhiten8y@yellowpages.com,Male,15G2vBFVvmBPXAEGwaheDTJc9XSE7uzzMH
Reamonn,Sylvaine,rsylvaine8z@yale.edu,Male,13Y1v7JJCgb2u9D38svC5fS1rxkBeVLXfc
Othilie,Semerad,osemerad90@wp.com,Female,1F5sX8MU4WSBZtgkerhrYVwUVptLvAVH2F
Barny,Tiddeman,btiddeman91@goo.ne.jp,Male,1QG7RiwKF24ArprHafbsBoF4JH1yn8u1Jq
Constantino,Sizzey,csizzey92@deliciousdays.com,Male,1Q6822thmRZHdgcrwDHsfiquvXtvpW6wvP
Othelia,Files,ofiles93@issuu.com,Female,1EhkKdpMdrhN9MJifw9js8bppLc9z7dLM1
Oriana,Peinton,opeinton94@imdb.com,Female,15gdngszvNc1rpvLYv2fFryNy7Kas91Dn5
Timmie,Swaton,tswaton95@studiopress.com,Male,19fwVA7aTCzBd3WH5ydQHHLMFnESx9JWYs
Benedict,Simper,bsimper96@desdev.cn,Male,159exJYiPkVVYqh3Gu6LgrBLfZpvDEzJhG
Paquito,Leek,pleek97@indiegogo.com,Male,1ABm3wxCCg7dEtxS8oV73ANQBAEEyU2RJA
Rockey,Purchall,rpurchall98@de.vu,Male,18Q3A3ZZhSnHsTLoKpkewSRCMBmkaHqypQ
Towny,Riddall,triddall99@delicious.com,Male,12p6dKmcPZmkCh4iqmh5sd7Q14tBnYKNLA
Janice,Roots,jroots9a@theguardian.com,Female,1EZaUacE2oENJbeGHMazKqd6mJp4RHJ4N7
Donny,McAloren,dmcaloren9b@arizona.edu,Female,15pn3XSfakbkkRAKXZBTik2xWRC2bhaBeU
Maurise,Pert,mpert9c@cam.ac.uk,Female,16F6R8e3ko1pyZLrcqRtRdN2Kv5LmQiUFy
Trstram,Sponton,tsponton9d@fotki.com,Genderfluid,1BjnthSw3xVd3ES97bPtvqiM6v18ycbtJ9
Jamey,Sanper,jsanper9e@paypal.com,Non-binary,1HKQpFyDBqCG8i1qNQv81ggXxV1JTDx6Df
Gonzalo,Tole,gtole9f@bbc.co.uk,Male,13gmp65ysryR5cz1s5XKxzkpVDof9ePjF9
Elisabeth,Bahl,ebahl9g@zdnet.com,Female,1MGqUMkBMsf5KNfQ6eQC63ZWi2hcfrE1v2
Timmie,Nono,tnono9h@youtube.com,Female,1JrNkET7mhSBUyoRpVrf85CrMuWdDSmnVE
Stillmann,Heibl,sheibl9i@ehow.com,Polygender,1JDqttLCHoNi9SVAwj8mvVcvCuxV6Kv6bS
Colin,Sarfati,csarfati9j@t-online.de,Male,1C1jiLaSaYqbm7ksaWtFxcnKZCUNEeZtFZ
Athene,Muselli,amuselli9k@bing.com,Bigender,1JmMFuHTJLzUSkAaukNdNaYvcTXRPGSwEx
Jeramey,Norrey,jnorrey9l@exblog.jp,Male,1D7TBPJzg6N1yxHUAcXBx8aFU1WhYJUodw
Welch,Kurt,wkurt9m@blogger.com,Male,1Fe3ArKqQrLR1qD9FZeYQSsiH5u6odP7SG
Sander,Maier,smaier9n@a8.net,Male,18FhX1yrv7SvpBaRwShj8N3B91cu71shjb
Terence,Humphries,thumphries9o@intel.com,Male,13tD4pWGQupmc2rcrpbPsmT1EXBL84kQLA
Isador,Dumbreck,idumbreck9p@plala.or.jp,Male,16KfaaRqAitrZWocENhN5HkWvQ4qJ3jEBm
Ricoriki,Eddoes,reddoes9q@usda.gov,Male,1Ggk1J4HJzkqYwKFLgLnqqyStfP6PrYHJe
Trescha,McGarrahan,tmcgarrahan9r@utexas.edu,Non-binary,16rVaMyeYo9qAiY5VL6PnQtCGXFbFVM2Au
Harriet,Warstall,hwarstall9s@wordpress.com,Polygender,135amdCYBdXdhS3w3Cwb8bSGGHYrm9oJA1
Dottie,Yakebovich,dyakebovich9t@zimbio.com,Female,15eLUNno1dUnBhukJDywWzQU6D4cvdzw2G
Martie,Markey,mmarkey9u@nyu.edu,Male,1LLp4wh1zmSEZfVqW5W3hugfMy9gPfs3AP
Cletus,Beames,cbeames9v@army.mil,Male,1KVFTMn4Z4syoPdrA3BS77oS3kVGkkBcuh
Francesco,Scardefield,fscardefield9w@nationalgeographic.com,Male,1Fafi9EvkVLtHkNtMVJbVEtMKSPxbD8d9Q
Garvey,Tulley,gtulley9x@scribd.com,Male,1NbAsGHDCSqnDejqT2QdjL9x7CV1sjipmz
Giovanna,Duckerin,gduckerin9y@cloudflare.com,Agender,16kRA993XwkzUUvprp2cPH7XxWSZjvEUcp
Ozzie,Willoughby,owilloughby9z@i2i.jp,Male,17LuJVSH4PnWd6U9sTTPxnirVKH23ZPPZZ
Patric,Golston,pgolstona0@newyorker.com,Male,1C3Ggp6QLnn3KgTyL1sWg4Uisrt1fDGVu6
Alex,Tibb,atibba1@businessweek.com,Male,17SoGFBsZKtwkf53QZCg8SHfqndckJ12NF
Araldo,Elen,aelena2@msn.com,Male,19ZgmZkpL7bYrhFPshvJuMzzppzMcQjMyG
Waylen,MacAulay,wmacaulaya3@google.com.au,Male,1Gdjbmd1nsEpw7anT7R3559YqQjsgmh2Ms
Aurthur,Ruttgers,aruttgersa4@craigslist.org,Male,1Lij53V7CYKqQfDc5jdBKLXGLrvcxqetN9
Gregor,Franchioni,gfranchionia5@gov.uk,Male,1Kro8bSnnL38n3bhdza7NMkeakkwHABihm
Delmar,Gwatkin,dgwatkina6@irs.gov,Male,19MKoYGcxmsMw2o9nGhb1D55n2FeKWApY3
Bobbe,Ghion,bghiona7@dyndns.org,Female,1NBKTtR1V4RnXUzp3f7uiYjfeGcUEZeBBk
Annamaria,Satterthwaite,asatterthwaitea8@umich.edu,Female,1AFbJV19ZtRNLFJs6Ws384z6JmS6qvWTCB
Rich,Nozzolii,rnozzoliia9@infoseek.co.jp,Male,1FoFD9ZWBVphVF5D5iYEx2y8eUtoJvnTiK
Fidelity,Lightwing,flightwingaa@hp.com,Female,1D5nqSTiGUnbc1bH8brL67ZjapFtZ56vBw
Iseabal,Sprull,isprullab@aboutads.info,Bigender,1H1eG9uHjveXEZvumcDM6er1wM9Atvbcu3
Rosamund,Laugheran,rlaugheranac@archive.org,Female,177Fetcmn9ZiXUkeLsgqDA3zpDe5nFg3oT
Avram,Yakunkin,ayakunkinad@virginia.edu,Male,1Emf2zfCB1GVQtDbWj5VGoEF6erowXm8MB
Tedda,De Simone,tdesimoneae@yale.edu,Female,1NyGkYu942fhS3C6tB22TzQ2c8QCKSNFpT
Carlin,Overthrow,coverthrowaf@example.com,Male,1ASGYVUF2C1SF83pD6iSpVRXaGzfYjF5Zs
Petrina,Beceril,pbecerilag@noaa.gov,Female,1Kuo3dxiApkJwe5xDjoyrGk1xrs72Eb2v1
Chiquita,Crosswaite,ccrosswaiteah@1688.com,Female,1Pcs2JawfvKoEm1j1Jh7XhLr9VNwmFT84i
Mano,Brabben,mbrabbenai@networksolutions.com,Male,1Q7bcjPa1h9KRJPCq9HxyKhYsaK2JfFMHs
Pietro,Stuehmeyer,pstuehmeyeraj@goo.ne.jp,Male,1BzQsFAEKh78SfC3cFwHAyPGeD2Yojwgq7
Joye,Alderwick,jalderwickak@java.com,Female,1HgEbuT4mQjQgrnTSSZxQU13zGa6yW3sMf
Cordy,Teodorski,cteodorskial@reference.com,Female,1y4uWccUH9ZTRHsReZyZGXsuuMyFGtS4z
Patsy,Willavoys,pwillavoysam@topsy.com,Male,1EuBT56WFydvETogDD1U1Jdi3ZmDt9os13
Danyelle,Tindall,dtindallan@flavors.me,Polygender,1K2ydXX9BaM9TDrND9GonZ7qr4PEq4EzfV
Toiboid,Lowth,tlowthao@army.mil,Male,1LRacwaPT5HXoaxggeTCPfgaCtftnXZ8m8
Wallie,Dodwell,wdodwellap@slashdot.org,Female,1ETqEZFZseha6E3q7pQQDgDbjvCDNXp6fk
Banky,Copin,bcopinaq@army.mil,Male,1FaWSfDwHu9ji7vh7BNdzTThjBvzCTPdwQ
Son,Ellens,sellensar@joomla.org,Male,1JEoM3Uu9wbbPhBx89S5URyhV52tgFLLgC
Nanny,Radeliffe,nradeliffeas@hostgator.com,Female,1AvykkG8wc8bhkHLLUu4KJFf4MEMSChEY6
Horatio,Musprat,hmuspratat@google.ca,Male,14MuxmbQp5rS4TGRF9Qhmvr2nWPyjqm4dV
Kingston,Cundict,kcundictau@bing.com,Male,1GAye7s4dGWSHFRNJMf98VMdUVDk64fGUo
Sayers,Snadden,ssnaddenav@mysql.com,Male,1NkUYmutSxEnnkPFW18RiEuD2hP51jNJDp
Aldwin,Lazer,alazeraw@admin.ch,Male,1LDSfs1SXpjiZ5f9gpTythwTkLhxDQBDgv
Annmaria,Commander,acommanderax@squarespace.com,Female,1LCc5Yy2rmzEVZkGYDZLueasoaQgP7KAkv
Davy,Tallboy,dtallboyay@china.com.cn,Male,1LowuwuhBdVsMGrzsb2kFQtBxqLw2vEHmK
Georgi,Oliphant,goliphantaz@guardian.co.uk,Male,17r5oPS155VE2y1XV1FcaYCFE7FGV8aHnP
Lesya,Carsberg,lcarsbergb0@symantec.com,Female,14XzYAjdhYFVGGJt6hP1c6QDNWrmd7nDZW
Kellby,Devonshire,kdevonshireb1@infoseek.co.jp,Male,198Mtot7n4bKV8DsXLh6V7iZ39ogtqMWTN
Eugenie,Angrove,eangroveb2@csmonitor.com,Female,1P4MU4DfdznzpT1X3jGDvaqzRcdRx8Kf7Z
Devonne,Wayte,dwayteb3@auda.org.au,Female,14XH9ezi7LnWVHpiBXcGeBUPfmxyUyBoNG
Mathian,Pellew,mpellewb4@harvard.edu,Male,1CTLc2nw1AcHuc1ZJSjgKGmF8X8b6w9zJF
Angel,Delamar,adelamarb5@cargocollective.com,Female,15Ri7xVH3wEJpYntYtJ17cB4NgCW4UrjRd
Freddie,Forrington,fforringtonb6@columbia.edu,Female,1BSxq5Ct1K4EynZsyF7gjNcYipeVV2cXmS
Brendis,Mulqueeny,bmulqueenyb7@nature.com,Male,1Ciadq1PcGgSiMgt9utJK9nYg5RDA9NSrC
Erskine,Cosgrove,ecosgroveb8@java.com,Male,1BuNSyJ1YkfAqaQhyKipk7wwkCkz3suEA3
Baron,Lusher,blusherb9@cbslocal.com,Male,14aFxw1QcqcYGSQVPZutne96eU6YsyAW7W
Elly,Magnay,emagnayba@zimbio.com,Female,189KvPUGm8MnHVoCPcqvg7T5qWqJ4TuWN6
Graeme,Prosh,gproshbb@g.co,Male,17QXt4UnRHnGkMASJMupcRLdiZAMfM5Qd3
Vi,Selkirk,vselkirkbc@sphinn.com,Female,1NPt6uwHZCjFjLMtMV132ZXfXzWX8T5mrf
Revkah,Sissens,rsissensbd@list-manage.com,Female,1MTFYurFyDv6AEYSq88rYX8naU4ZfJhuYY
Brandi,Copping,bcoppingbe@ycombinator.com,Female,1LznYjh8v4LSeCQqLo46PEqyFyhMmkA1Jn
Dede,Dreini,ddreinibf@springer.com,Female,13HCyy26xX5ch4RHoX2WcUCwbNWCoVPTUC
Issie,Frayne,ifraynebg@statcounter.com,Female,1B2yk3iDrihiu2AgrondxVphBpsakzYYmZ
Flossie,Reuble,freublebh@liveinternet.ru,Genderfluid,17ZQc6tBWj49CaL3ymVtuL3GP1oHqKKhUU
Nev,Banbrook,nbanbrookbi@wikispaces.com,Male,1LwEmqsoNeKEMmFVQfVsQ2gLnYkXKipKob
Yorke,Sutty,ysuttybj@pbs.org,Male,1LiQJK4AzVo6xtL6AUPpaJQHC4eNqyhANN
Willy,Reburn,wreburnbk@hubpages.com,Male,1ErohdUq6UxZLEFVobULg2CLWW2vovVH77
Karlene,Belt,kbeltbl@admin.ch,Female,1AYXojsCs9pocawmjmfsRyXiDm9ihGUaBJ
Ange,Penelli,apenellibm@soundcloud.com,Male,12UQAiB8xT75yxknWEm6gHa1XcZwu1MtdE
Elwira,Cuzen,ecuzenbn@sitemeter.com,Female,1d4WLH2euZGizRUthZTUzRoLPM14aAWkx
Kenon,Court,kcourtbo@vinaora.com,Male,1PDajsyAzNcW5fcbihcbBHCwXZSTfZz6Z7
Eustace,Woliter,ewoliterbp@rakuten.co.jp,Male,14cJwmrFrVtd1vi58MTLab6M7Px1VRoHaH
Trent,Balmforth,tbalmforthbq@kickstarter.com,Male,19oiLNshApWDMfyWJK43gzSGha2dQKwf5
Patric,Soeiro,psoeirobr@cornell.edu,Male,18Wo9iwpHecqyNd34Jke9wDsrDMEPJgEdM
Ailey,Jennemann,ajennemannbs@ow.ly,Bigender,1Cv4omQPDbGzbsGARingUZrBU6K3PWNkF4
Pryce,Macellar,pmacellarbt@cbslocal.com,Male,195dxqoXP9b4JLaFkvW9g2ruP3Ycfxw2BG
Stacee,Reina,sreinabu@rediff.com,Female,1789VFntzuo5c3U2fv2jdetdF85L7dE5KA
Celeste,Hulmes,chulmesbv@joomla.org,Non-binary,1EpBM3kJ5ANzvgUuCT8cHSEdujtm3kBuCr
Rice,Starten,rstartenbw@kickstarter.com,Male,1KxCQ7fWTWNxBzh7SeFszpmytfFa2Emdm9
Fifi,Manley,fmanleybx@state.gov,Female,13233vz4BjJjWaBof7RZbCWbWNsYozPWgq
Barrett,Kedslie,bkedslieby@bing.com,Male,1CGh45c9HkuEku2N4FdLRPhN68pMarcAHh
Man,Shears,mshearsbz@goo.gl,Male,1BnStQ8hH27EjChty7vk2q55GXoh75dLTk
Mandy,Budik,mbudikc0@wp.com,Female,1H7SzGAPigABGKZbGwykLima2H15rAbcg7
Abbi,Rissom,arissomc1@flickr.com,Female,1DCtKtkyjyesbmQCHaMycXWj6AkzTvGsPG
Wynn,Roistone,wroistonec2@harvard.edu,Non-binary,1LkvXAMp3g8c5AXj2LoPDcxqpTc41E6FKB
Billie,Simkin,bsimkinc3@rediff.com,Male,1E3LJjSAFCQCmrUSYFMZFGfy6t5SKbfDVd
Louisa,Danielsky,ldanielskyc4@techcrunch.com,Female,1Q1PEAxFL9UQMv6vegN5g6xrhKmNGVdTd7
Fey,Gonet,fgonetc5@ihg.com,Female,136B7q1p2ppW27aQYtQ4K3FZcHGEKSCjRn
Petey,Whitty,pwhittyc6@engadget.com,Male,1966UYHw6Q9pXeWRVA9zu7mwoxAcqfofYh
Cookie,Auchterlony,cauchterlonyc7@unicef.org,Female,19GtPPAnWV7NHSiqHifmsQWi9EDurE1nCB
Nelly,Purvis,npurvisc8@google.cn,Female,1DriPaYrDUXCcSYMirJ2LBFW8g7sBaH4eD
Stanfield,Gudahy,sgudahyc9@goo.ne.jp,Male,1GJzp2nTJSY8L5SHXTgV7uFbPoDhzSENpo
Cherlyn,Hazelton,chazeltonca@google.co.uk,Female,1FYr3xHKzJt7V2LKYg1CJJfTfnoM5gwVCZ
Tiffany,Grigorushkin,tgrigorushkincb@wordpress.com,Female,1DA7SuG7gEghemm6mA2c3Ugyo3GCeSuTHf
Marlena,Mawford,mmawfordcc@altervista.org,Female,17KM2UaKyBZiFtDuomUYfQivyFyTT5SeEw
Elbert,Lawler,elawlercd@aboutads.info,Male,1ATRdjew1fC979qRhcX5Kwc8STr84qCJeb
Hollis,Guinane,hguinanece@utexas.edu,Male,1QGuG1gBqcrQxsPu1iesZvEwNjZw5Ex37L
Dorothea,Bownde,dbowndecf@tinypic.com,Female,1AXfvjxQZCcneY4T5Akn1ZhG4qxWkT5Gij
Elvira,Pinare,epinarecg@mayoclinic.com,Female,1MAsE6WsqK7Usvg3S3BxCudCaLRePAUzs8
Hartwell,Aldwinckle,haldwincklech@goo.ne.jp,Male,1JGFs7J9s7bd1WPnM4twdLny8LQ9KD2dBR
Delaney,Conring,dconringci@wufoo.com,Male,1GhxcaJh4Cf6YVfads2Jj2EL36HSG237mf
Barret,Lowman,blowmancj@arizona.edu,Male,1Ga4FwFt9tnLestttWdjNDTxjHRgJmduLy
Merrill,Garber,mgarberck@stumbleupon.com,Male,1K9KaiJk8t1gKvexsMLJnQXTdiKcd8xUX
Guntar,Buckhurst,gbuckhurstcl@auda.org.au,Male,18m5awqnE1aV5Rq7HwQWAYpZ5fynXzXjjZ
Cary,Mathwen,cmathwencm@mozilla.org,Male,1LjQ53MmcXg59kpZCFXwk6jCRL99wRVbW6
Sigismondo,Middlemiss,smiddlemisscn@illinois.edu,Male,1HoDCoF3cXtZpKv4DgHEpuJKSphpzL7Mqk
Miof mela,Lawling,mlawlingco@smugmug.com,Female,1M9z45h4KUwnXmqBhgK3WNqVHKzemLi5m6
Gwennie,Yirrell,gyirrellcp@soundcloud.com,Female,17aU1beik4kZutifZELmPTdPmvKJbBp2D6
Lura,Husselbee,lhusselbeecq@dion.ne.jp,Female,14FKdZ4dgKuBmZPgzRQHULMi7UbbQwyhvt
Dasya,MacGaughey,dmacgaugheycr@themeforest.net,Female,1B5JUw2mfr66yzu3L6MUmneu6Kfs995MMF
Benetta,Catmull,bcatmullcs@comsenz.com,Female,16qHdcjuRk2RNgNTGEqRDxYnBKegjnF5Zy
Paule,Lindup,plindupct@quantcast.com,Female,16w2ZzXd4r6gwtKxMYZShqhWVNXBGZqhKt
Clair,Mynott,cmynottcu@marriott.com,Male,1A8g4QuhDx1X7dbxtzavpQDNFtAQer6QaW
Norene,MacQuarrie,nmacquarriecv@usnews.com,Female,1NT44jkD6kFAgr3qaVUagkTrjdcnYCGZUD
Silvan,Pydcock,spydcockcw@ifeng.com,Agender,15KqzrhCmNWtgUyR96sjXBGBZFmjbmRcHb
Ewen,Loughren,eloughrencx@senate.gov,Male,17UKdL3rUmaZfL9QE79RHqaDjT6GA6j6gW
Asa,Beale,abealecy@smugmug.com,Male,1BnMSw8EZpdxgSNQAzcVRQFKm9pjfZ32AX
Scotti,Malley,smalleycz@miibeian.gov.cn,Male,1JLCnVKMA3cNa1BYzP239izQq8Fy7SYBdX
Tadeo,Stafford,tstaffordd0@nature.com,Male,1HgpL4YsSb3NywXwiocrC494YQJfA9Gboc
Kerwinn,Jamson,kjamsond1@instagram.com,Male,1FoaoVKuPHXmyqEVyAYKWkem9bwNBVNVcp
Katie,McArthur,kmcarthurd2@cam.ac.uk,Genderqueer,14TJaK9oYP1WXLzotytLLm7DTYKFkziYww
Anthea,Brickner,abricknerd3@paginegialle.it,Genderqueer,16NzbB5Li9cfeY24SJJCZj4cqacBUwY8WA
Gayler,Whittle,gwhittled4@geocities.jp,Male,12Qrus4ctJQT1L65iRcmvxAMFsgJC9UdWY
Breena,Odda,boddad5@upenn.edu,Female,1DqfFHfNGszeU1W6moFxJVd3ZzvUQw2zmp
Fonsie,Chetter,fchetterd6@xrea.com,Male,17fQZYxehzHtCD9aFBUprjUVY2BhKrASLk
Craggy,Sooper,csooperd7@netlog.com,Male,12RnW8YJzvYt7vL3j9cUvQUcU7vUv4q6bu
Terra,Dany,tdanyd8@liveinternet.ru,Female,1PDk51NKYL6j8cU5HFVyMxngEWR1nqapra
Roz,Barnwill,rbarnwilld9@about.me,Female,1DqCCB6rM5heG8wNXaNiMdg8K1kfjBBSaT
Mose,Averill,maverillda@virginia.edu,Male,13cSKbMUmF4mdDXNbHu7n9RbgviwzJo8G8
Kermit,Feige,kfeigedb@marriott.com,Male,1FMo4mdf6hJdNDG92aCKc4Fj7ik8iBTreQ
Hatty,Sherbourne,hsherbournedc@instagram.com,Genderfluid,161D6MUCkCBif21YFbFNcZeRGip9NXgpoG
Paddy,Ogley,pogleydd@vistaprint.com,Male,18vDrqtdpsvKNv6aEvqVdCHWqWkmw3WAHH
Roseanne,Fetherston,rfetherstonde@elegantthemes.com,Female,1FWzDUnCoyePeZvXZJjg84YtiSGoZkPL3R
Bobbye,Aiskrigg,baiskriggdf@bigcartel.com,Female,1H9pp6nxU6Vz6sRwf2UVRAD9bwv7c8N9tc
Pamella,Searle,psearledg@un.org,Female,1HBksuhjpnVEd4CTyf7F1B23ngVS3mmcLr
Ianthe,Dewer,idewerdh@berkeley.edu,Female,1FNzTDu8Af6vy4j8jcS4ShH4XZSZ3vwWna
Waring,Erbain,werbaindi@goodreads.com,Male,16nX5BQJ1MdaScSTvsHaGMrS12hcYuAn7W
Beniamino,Douty,bdoutydj@slashdot.org,Male,1Nr5RKJnFT18wP7jXfY5zTAkxEjMzkRFTL
Frasquito,Cane,fcanedk@sun.com,Male,1DPgajPNsQPkQH6gX28CxsNyjsTQznry3K
Olin,Hallgath,ohallgathdl@nifty.com,Male,16C2Yf5EDE46dMy52cJR4BFLF4SYEvhC6c
Emmalynne,Dawe,edawedm@vk.com,Female,12nhvuq96VZk1Ng29XRveZcqDnvgNtubM9
Joni,Bloomer,jbloomerdn@npr.org,Female,1B3JHeEyBuXLMwibr6YC37L7RwoAtCECtW
Krishnah,Cassimer,kcassimerdo@berkeley.edu,Male,1bLwQ9yne3oAutaVKfhKrxDF4Vj5q87Zq
Em,Ales,ealesdp@pinterest.com,Male,1ExKdKMirXhxAFFaYah7eHHExDFJxr5rya
Ermentrude,Humbatch,ehumbatchdq@t.co,Female,1CxFdGY4jCdarSziwUak1He9nyVqh3ULDo
Adolphus,Eixenberger,aeixenbergerdr@cdc.gov,Male,1GTZPPoGZAmPf3Qy1Tc9wKkk7nH8qrvxtL
Alikee,Whiskerd,awhiskerdds@howstuffworks.com,Polygender,1ATq2ZDfBduA8tG1WhZBuduZfXtrraRE69
Corina,Besson,cbessondt@wikipedia.org,Female,1GZrAno17KDZDgthHxHetq1QPf4skSbf3g
Danita,Ilyin,dilyindu@4shared.com,Genderfluid,1AmCcoeYNKd6vkHKTPjec5Vdxbt1LyVyEf
Adriano,Vanacci,avanaccidv@multiply.com,Male,1JknBn8EBZREKohHCpArncCU89B3bimyoS
Bernadine,Alans,balansdw@ucla.edu,Female,1FG1uHRidvj64Mac6LNKwaxxHc6dNEhoaa
Hadlee,Slinger,hslingerdx@sphinn.com,Male,1Ksxf1boSrkNQ27VeLW9uXcVkvKySdYjX4
Guthry,Sheaber,gsheaberdy@google.com.au,Male,17EA9X5VM3PVCx72h9oD3D3Un4ZLjDvNSo
Natal,Stockow,nstockowdz@state.gov,Male,15msp6hBCMCimopewMwZ5NgQ28Ues4HtPP
Solly,Fooks,sfookse0@java.com,Male,134CQYw4CCSs77pAd6az9Ss84N19tvsa4R
Athena,Ravel,aravele1@lulu.com,Female,1E1bQ8ZVFFUVg6JymAXtQKLL2wuDVDupyH
Dionis,Fishleigh,dfishleighe2@skyrock.com,Female,1C1m4VaLE5cgLWyyrihFHgoosqefTRuG8a
Kinnie,Asplen,kasplene3@pagesperso-orange.fr,Male,1D3Xdj7k94wg5WRWwR87DwiZg38k3v2o26
Kip,Di Boldi,kdiboldie4@purevolume.com,Female,16smotqYdzUqJ8UuRM9EYLMcTmzpxnKWjJ
Catha,Storkes,cstorkese5@csmonitor.com,Female,19bxmY3ywUDx52szfHhgA5RGWt9cpT7ndw
Tory,Paylie,tpayliee6@buzzfeed.com,Female,1FTp9CijJ6ARSU911FnZJMqDToPsa4VDPy
Ellary,Cade,ecadee7@etsy.com,Male,1Hw8RYTkYDewjbXYrFHt1fDnmtCbBxTLP7
Mordecai,Digges,mdiggese8@youtu.be,Male,1Lo8XG4wbJrdQAQTxyDJWNx8KSDTs8ZSxn
Whit,Van't Hoff,wvanthoffe9@newsvine.com,Male,1BY5sQLLGPWEbvuKbysNpacor4iTqBRbnh
Garland,Banton,gbantonea@lycos.com,Female,1LcvXV24k1J1rQvvFQjMMsWVwUDVG5fz8m
Federica,Steanson,fsteansoneb@a8.net,Female,1Daj8ZEDWWNZp76TAndVuEmqH3MWJxvSBH
Brendis,Summerly,bsummerlyec@infoseek.co.jp,Male,17G4QTWfiTVz8Wv1PWqdCcL1fan3AMi1Xs
Nadia,Hancox,nhancoxed@freewebs.com,Female,1LosdczruY7E8thqjk9rnJmsb9RYPEEQpK
Alister,Esplin,aesplinee@harvard.edu,Male,1LchpdG911M6gQQVK4yY7UVG3x7d4aRmrK
Holden,Cattrell,hcattrellef@google.com.br,Male,1ETAYzv7U1iPML1UPHLMEQdpwrVq6rM7pT
Efrem,Alenichicov,ealenichicoveg@bloglovin.com,Male,1JMTS1tr5WuFy9G66GQjpRgYBtidCt1grZ
Stevena,Sammut,ssammuteh@ow.ly,Female,1MgK42rswqt6wazFB9jXYfKU2ZM9TJPALh
Omero,Brammer,obrammerei@google.com.au,Male,14imoyfPES3z6EVof42og1B8hJgKCgpPm1
Jeni,Brecknock,jbrecknockej@noaa.gov,Female,1F778mzDdjRLdE8e9oPQtLUvV5HAKUgn3u
Mollee,Brandi,mbrandiek@house.gov,Female,1LoUNLXvVE7GCobcqTwppMQT8JEkXTYpYZ
Tiphany,Porrett,tporrettel@webmd.com,Female,1N77bhTWafv6cihWCdxTHA9hCxuK1fCshC
Griffith,Toffaloni,gtoffaloniem@instagram.com,Male,1Njx86LtWx7aiKkGdQGvZ1TwDtTCpcrGpp
Sheilakathryn,Cornau,scornauen@japanpost.jp,Female,1GyWK3ZV3eUeB9gpKc4V1pajk6ofxYV39p
Dolley,Swaisland,dswaislandeo@mozilla.org,Agender,1PgqTrnFqLmMRGnh6VxL4NZWwgyCeLTWuE
Jocelyne,Matevushev,jmatevushevep@mapquest.com,Female,17GxSCCeuNtQbRQ9oUWeYmRX4a7P3dzCrK
Verla,Jozefiak,vjozefiakeq@sohu.com,Female,1KHaW8KfxkMNjms4oicbYkhbN1cmHJd8iR
Petronille,Muskett,pmusketter@symantec.com,Female,13uQJqFmBuht2E5MbTv2EmSe6YhD5Dq58U
Merrill,Willan,mwillanes@live.com,Male,18v2yEHZwSJTK1o9yEm7GhxRuZq9bKQpko
Tymon,Saenz,tsaenzet@discuz.net,Male,1Ck594v2ovzs7UCTrXZrEbWMQkT6nkoTSG
Derrik,Ashtonhurst,dashtonhursteu@harvard.edu,Male,14VCBmhPxKWMusuJdByVypi5AtGTSVg3v1
Hashim,Dingsdale,hdingsdaleev@rambler.ru,Male,1Nxb6ZjwfxQou22s1gNHjYAA6oy8GmmFph
Barbey,Quinby,bquinbyew@about.me,Female,1FRcnYyRicYRqVEhknorhpBBymnTXPet51
Benito,Hasser,bhasserex@biglobe.ne.jp,Male,194NonWSfh8MgundfmntXAbYvhX3tDui9X
Claudie,Saint,csaintey@github.io,Female,13XE8ba71ryXtth9B3EpbzVHQwpgmVcn7s
Sheilah,Gabel,sgabelez@walmart.com,Female,1Q341hoExYsNKFwhnbfmzPHTaC25KuX3T1
Heddie,Pierpoint,hpierpointf0@sina.com.cn,Female,1CRUpnMBdVnEgqKAzLZWJVKfiBJaspKYUc
Cass,Beckingham,cbeckinghamf1@mozilla.com,Male,1AjvFCquXBKNpz4vuigtXNjdRVjsEv2xwE
Abbi,Mocquer,amocquerf2@tripod.com,Female,1E6Yw6Eqsrbj9tTcFTF761xUS8ZpeoLCh6
Ignacio,Toffalo,itoffalof3@bing.com,Male,1AnrFJ88scoMtmy9yjeDxN72SUVz4nzhiL
Valle,Ikringill,vikringillf4@addtoany.com,Male,1HpkbCGJRKbmjDHwKbXA1r8W6Ko6gkqsmR
Neron,Parkhouse,nparkhousef5@cocolog-nifty.com,Male,1B5tuiayUVbthehXcf138awrMSHnXXKxG3
Belle,Bunner,bbunnerf6@earthlink.net,Female,15Bpww51SxzguG46FvHXgxuFKD7Gph1vSe
Chelsie,Brun,cbrunf7@ycombinator.com,Female,1A3UyjtNMsfViA9cyjPq5gVeGCy3e5A49r
Rice,Woolard,rwoolardf8@ibm.com,Male,1LrsfQ2zAcEXzY4rBBShqsMsABpvcw1ckX
Binky,Delacourt,bdelacourtf9@archive.org,Male,17J2eCBGHoLBrHvm9cUby9bpCdBEhnjV7d
Victoir,Manicomb,vmanicombfa@stanford.edu,Male,1BaR5MfrG4S1m3oTvpcfThr27oV5jX2TVc
Abel,Sprulls,asprullsfb@slashdot.org,Male,1PFxDkpg7hH7GtRpvCTBcYGfszMQ9nuqgR
Rriocard,Ryde,rrydefc@odnoklassniki.ru,Male,12b41nmqKvUdKZMZW6nRXH5qVGM4GFfvQV
Codie,Digan,cdiganfd@ucoz.ru,Male,164iosH8WvVY1ah6LhPQaEoGvmXCLSHCp9
Dayna,Meaden,dmeadenfe@businesswire.com,Female,141q5ntjtABRwBfZPCVk6DRKjKbRR2XtVR
Gradeigh,Coslitt,gcoslittff@jugem.jp,Male,15SsY6kaf5ZbPe6tiiR2XhEk6u7fopxeYi
Janelle,Clemenceau,jclemenceaufg@com.com,Female,19yBnkB3yBd33J12Wmr2ZLpXaTBm6wHC15
Salvatore,McLeoid,smcleoidfh@wikipedia.org,Non-binary,15gQeg8f1eae4VrKs5KyjPpCuaR1Bghac5
Lois,Breakspear,lbreakspearfi@adobe.com,Female,17CvgSCRoznyXzn6CuhLKeGmSTg9g9nAXM
Gavrielle,Searson,gsearsonfj@japanpost.jp,Female,1Pe6EdKiydGkBuXo9q8eNwCFKnkdPUV374
Cordi,McGeffen,cmcgeffenfk@myspace.com,Genderqueer,1PHr9Cmb3PeTCbuGmMD2PUmqsgptpzDFgN
Reina,Hatch,rhatchfl@nba.com,Female,1PX91gHRQzXPQDyfq3RKqLZBJdNtCRxh4b
Ewell,Grafton-Herbert,egraftonherbertfm@ning.com,Male,1HyuUhFEc5ZX6TLsPkrcQgNnfnAE1tCFPw
Adaline,Rankine,arankinefn@cdc.gov,Female,1Q63Q5A76sqxNwNxyspFFWrU5pgByHxbuN
Ediva,Ghioni,eghionifo@cam.ac.uk,Female,14uWSgCG55fkgsYmoExq57t96UHR9ki8Vu
Emmery,Cornejo,ecornejofp@scribd.com,Male,1H4r787mgVj6bJNcJRSVrdPqc7Wgbjiduy
Ricardo,Antecki,ranteckifq@cargocollective.com,Male,17mzXbGZepCWHBhjGZPdWHcUzEQuuNT8Z8
Jarrod,Stringfellow,jstringfellowfr@vinaora.com,Male,13YGJuVgpq4Jxr5i2DYj5ZBM5sxEGMqXtT
Arnaldo,McCorry,amccorryfs@stumbleupon.com,Male,1Q8UXwUPqCqzxqQmtpgS93sdUmB5zYTCcH
Alissa,Jasik,ajasikft@wikipedia.org,Female,15AnU3jz6Fa7c3bWiCGrHaMS9sYiPA9KKY
Sibbie,Luisetti,sluisettifu@netvibes.com,Female,12LCNAwvQN4JidPNaQy4V9yrzuHaR5EDU1
Sloan,Hillaby,shillabyfv@ovh.net,Male,1LyPr6EBmZaB5uLMoNYK33CghKShoHoGZk
Josias,Ewbank,jewbankfw@walmart.com,Male,15s8i1PRmt6hB9HnV6xHHXCR826mV6oaku
Dorolisa,Osipov,dosipovfx@123-reg.co.uk,Female,1HPHVNyn7e8RFzojc2dWqNTF1VHuPrgejP
Pace,Lown,plownfy@sciencedaily.com,Male,1Nf9c3EPLQkM4jXREoaaeAdwk1A9psCgLD
Renie,Cowern,rcowernfz@intel.com,Female,1J6qfZFdtz4LumRWuAFQuWV9nmTacm4LPL
Patrica,Timoney,ptimoneyg0@army.mil,Female,16dub4gaa2AUXJL7KcBTr83f5AHU2o2EAY
Harv,Rouby,hroubyg1@slate.com,Male,12Ai3DPvMGQPCpP2KrQ3yvktGUmwftrARy
Molli,Bittlestone,mbittlestoneg2@gizmodo.com,Female,1MSv9XSdUHqXxqsHEM1oWTbqF8CnjiiHDL
Noach,Di Ruggiero,ndiruggierog3@blogspot.com,Male,12uLrahyddCqTM1uCdZR5tQWjYDta5igQY
Pearce,Hegden,phegdeng4@devhub.com,Male,1N56QrLA3kXnVFnAFAvu17YqMGAYqvDN61
Muffin,Coldrick,mcoldrickg5@google.fr,Female,1PgCHfugy12yswCNqLLe1bfzz8ZHuZPrXj
Lindsey,Kencott,lkencottg6@technorati.com,Male,1ERdq7aLqQz5BHRxtE4n8YLa4LLxuN8YUS
Evangelia,Moine,emoineg7@uiuc.edu,Female,1PbZRahFDAGz2K9FQFriwRzxcGaEtBRBmz
Karee,Doret,kdoretg8@google.it,Female,1LcqyZrYAU4Y4HMNdenrSGvsRLxACz56FF
Jammal,Shemmin,jshemming9@friendfeed.com,Male,1GetAEMkPkRgkFwpY7wPnDsQRA5uRuXr69
Dominick,Cheyney,dcheyneyga@gmpg.org,Male,1BdgYFDjrFo2spkm33ZiDxmoDynkuqSbPX
Harli,Sandry,hsandrygb@loc.gov,Female,1GPEqoicHa9HmtZcxPHeu3YR9BPYpE4NUN
Zak,Eede,zeedegc@gmpg.org,Male,1LMVbfTDU9E5zn6nSqUym4qMfVmHgqkysw
Bondie,Matteuzzi,bmatteuzzigd@whitehouse.gov,Male,1Nw8HLL8iSrdoYDBTGRE1zsSt485Kojr52
Federico,Raybould,fraybouldge@bravesites.com,Male,1GyxtBpbvCXNHv8iUp2AjtUbn7RcjasRLZ
Rriocard,Ianni,riannigf@github.io,Male,19MfuEKGXsJQ74Rb4UpePWKGfvbdUjygkf
Linn,Alkin,lalkingg@github.com,Male,1Mxdr3xydno9pbr46DvDRHXTqpNdNoMDU3
Alfonso,Fawcett,afawcettgh@behance.net,Male,1DsNEdJ4rqG4VEM7pBoFmsMYQMnezVRegk
Harlan,Willison,hwillisongi@clickbank.net,Male,1GB5NY91uG9AexH3XwjDSZELZTaqChMEG6
Enoch,Bliss,eblissgj@pbs.org,Male,1Fs3pJEwsp71ND698GNNrCnnELKvKt9WLF
Darline,Shelf,dshelfgk@adobe.com,Female,1EfRGYb7odgW76mgbxfN1p4VpVDSN2Lu5V
Morgan,Sullly,msulllygl@un.org,Male,1L3yifCmecwpECYUXJpein6MhrwWPGMEwr
Drucill,Spry,dsprygm@amazon.com,Female,1JYDys4dLpu9VJBn4iqw9Q8fr1UTqSmysK
Gilberto,Clemenzi,gclemenzign@livejournal.com,Male,19RkxH33VC6uCWXnGpQjSu2LH9CZgdJvrE
Rozalie,Darby,rdarbygo@ocn.ne.jp,Female,1A51mXUHrfDuHREUrkdc8u89dKrVnar8CR
Wain,Yaxley,wyaxleygp@eventbrite.com,Non-binary,1GjcdEEzVWFhg1sMysVkfzs1Dhzp6HXwmU
Ardene,Jarrell,ajarrellgq@unblog.fr,Female,19wvUepTPDVThq5ftdVZWHMT7qimfn3WQ4
Robyn,Woodroof,rwoodroofgr@bravesites.com,Female,1D8mcbkkuNEWcfXAW8qcfwPiTVMAZo3uXW
Tobias,Glasby,tglasbygs@census.gov,Male,16QfPj9scdYoopiQUo5NU34SHrnUsgk3K9
Cornelle,Bride,cbridegt@artisteer.com,Female,14YwLkWwnEBuP4msKnmieZAmZj7vfQ3tb7
Damita,Thomsen,dthomsengu@domainmarket.com,Female,1MHqZ5cmyZcRAgN9ifwPNvqEpeKodetrXq
Edvard,Owbrick,eowbrickgv@wsj.com,Male,1Bd7tsthY3iXe4aFechRBMMMa3jmXv5qHY
Chico,Skittrell,cskittrellgw@un.org,Male,13a3RZftg9qubVerdudnB4YhEKat6SZckE
Boycie,Bagworth,bbagworthgx@odnoklassniki.ru,Male,19uYXg73ZK4sT66iEE9b7VEnpwcH8YphbW
Freda,Prydie,fprydiegy@weibo.com,Female,1H2F8o1LRn12BjJ8FJ2cAkVgyLNEyHnBA
Denver,Fominov,dfominovgz@skyrock.com,Male,15W6DXKxNNFcuR1hdxJ7Y5ecaxNrYkFMSU
Diane,Doddridge,ddoddridgeh0@dailymotion.com,Female,1Jgg9uQfttQuaXBCEh7qaHmFbQjdiysaKe
Linnie,Mantz,lmantzh1@seattletimes.com,Female,1PkXk9mFJvym9DcmUYUPS6S4AEzLQYsmqF
Thaxter,Aris,tarish2@elegantthemes.com,Male,1MMc856q7KLCMDCYNGbarVQzbapuikrLms
Anne-corinne,Boggish,aboggishh3@nih.gov,Genderfluid,1PxCWPwFbY8o9dKMawjRQvGgimFt3DmZq1
Gordie,Valentetti,gvalentettih4@istockphoto.com,Male,18UgQKK1F3TfRhsFkneBGD3tAbnAYaiSih
Clementina,Wakefield,cwakefieldh5@pagesperso-orange.fr,Female,12uUUQiHAWa9ktuerkA8ef11wKiKdRNnqv
Olga,Stegel,ostegelh6@abc.net.au,Female,18isj48Ygy8N8HiNwMZmwBwtKiUwFgUiCu
Alexis,Beiderbeck,abeiderbeckh7@google.es,Female,15vZ1evRfJByLhEWQH9PDaaEzoMUNDzgo5
Iain,Hyatt,ihyatth8@home.pl,Male,19MFMUm8YWTbgeosXxytzcuTm5MDBfDQWT
Giselbert,Lorentz,glorentzh9@va.gov,Male,18Gwnha7unpWSNLqAaobshgPRYNkg3Vf4x
Solomon,Dampier,sdampierha@github.com,Male,17tUXHMVtbTvXTo2XGYPKYnyM41TAN3dsu
Orelie,Giannazzo,ogiannazzohb@bandcamp.com,Female,1GEqmWh13N8qDj3FiC9bkrnmSL6csNxQpb
Liv,Marshal,lmarshalhc@linkedin.com,Female,15EBGgcQuesbSoCXUsouxzAFE2A64yvSxf
Baily,De la Zenne,bdelazennehd@dropbox.com,Male,1EJLzVnqxBskkttGedhQFgp6THGzxUFsU1
Bertie,Twentyman,btwentymanhe@wikimedia.org,Female,1CS2y2JrwonF7UCiqjz65BUSEV6EmqhCdH
Chaunce,Poetz,cpoetzhf@eventbrite.com,Male,1GqrF9mvBxp4PtVDHjhBW1YneoXXJNZjq2
Inger,Vidgeon,ividgeonhg@flavors.me,Genderfluid,1K3s9kwYm7xVMJ6ehpHc19m8KLtVpSiCJH
Sabine,Pickard,spickardhh@reuters.com,Female,1F2rkuogsL5uReXLdRJUvLHKc6wZVst1fn
Noland,Ody,nodyhi@t.co,Male,15zHtESqgZDgz5hvaHzU51nfh98AyZzr3k
Dionysus,Gibbon,dgibbonhj@twitpic.com,Male,1BTkiZRh7t1A157sXJ5pErJGCgpvEuj4nQ
Linzy,Robbey,lrobbeyhk@reddit.com,Female,1DmoZiXG2dwYFCbfo9GmNR9FGBErRDjq7a
Derron,Wimlett,dwimletthl@npr.org,Male,1KyxaMBs6d2TgjnNmZMKb9w2bGPK7W5kWn
Heath,Van Salzberger,hvansalzbergerhm@live.com,Female,1Gu1Y7teuTeauDDnG3HRsg2bhtfGgUCK3Y
Beitris,Antat,bantathn@tiny.cc,Female,1PnUrdqReRVFpABk4Tc57knHCykiJxXjpL
Romona,MacFaul,rmacfaulho@mapquest.com,Female,1BFd9pDcM4RfL6yB4BRMaX2MdQSvrwaK24
Bastien,Huggon,bhuggonhp@cloudflare.com,Male,14fU296vAeNnFYqWQ4ZiVXRQ3282LEtWB1
Twila,Alldis,talldishq@plala.or.jp,Female,1FgYRdxQRXexNtwZRdHKwfr9G6ep1AtLYF
Ebony,Finlan,efinlanhr@twitpic.com,Female,1qwbKMK9eH1qfdhV2gn1LtBGYLNrEiM5J
Yulma,Angeau,yangeauhs@tumblr.com,Male,1EvHzmyWWBReVRM3SmR4i9Do9f3HHYQFq5
Aloise,Huyhton,ahuyhtonht@wufoo.com,Genderfluid,19AhJw1HNPa2ntKrePhwP9LbtoCpY4nWCM
Sallyann,Kee,skeehu@wikia.com,Female,1J68WPAtcRgBaWGk7ieiEge8XGJzvr5P3y
Earle,Painter,epainterhv@tuttocitta.it,Male,1Mi4KgLaCR7CGs626hp9A293gQPR81idt5
Shoshanna,Ship,sshiphw@fotki.com,Female,1Bb2EewC8yxUy5836NUQQcnYLou5sbhioW
Gar,Oels,goelshx@theguardian.com,Male,1PdZTGMFksZEEvJecjYZv1ehZvDHhDMsz5
Graig,Corris,gcorrishy@posterous.com,Male,1EUZTkkN3nbxjKL8c1nxCoaT6RrvKhihxz
Lilli,Burdfield,lburdfieldhz@usatoday.com,Female,1PG8uTNVbNRzbN8eyKaGvCRx1DkZxQ5qoo
Kip,Dobing,kdobingi0@flickr.com,Male,17gxtriTDVjuNJCPu2Q5BgzUYdPCnbnGhE
Rochella,Hallum,rhallumi1@mail.ru,Female,14pf8H6i7tM2yz2pvZc9q8BtHRgkbQrErG
Nye,Petrosian,npetrosiani2@epa.gov,Male,1FiJXzKXrxCuD6ehU3HvSaquwkE8C1GM8Q
Isiahi,Bridgeland,ibridgelandi3@ftc.gov,Male,1MxuoSKp4oKBK3gN9W5i83V2GNR3avG7SF
Boyce,Nayer,bnayeri4@furl.net,Male,1DoAAKxWXyfk2XJg1uSXLitpwtEZ7geNcz
Noel,Leftwich,nleftwichi5@fastcompany.com,Male,1EJGpDqaoz3fQJbre6pnZysoZPgg9ULCxF
Wandie,Matieu,wmatieui6@slideshare.net,Female,1FqtDZfTM7heJUsrBqSTT5JN1LQcEeY1XQ
Lionel,Gascone,lgasconei7@virginia.edu,Male,16H8ac7mNjkupFNma1zkM7URwjqsSevuNq
Valerye,Gabriely,vgabrielyi8@wunderground.com,Female,1CUaNEiAK3KWhQZMkRzN3o6trqXw6Zkamg
Anissa,Crunkhurn,acrunkhurni9@creativecommons.org,Female,1PMdLKdmCMtMFMPHgA2WK7ahqAs55XyF3b
Glyn,Playford,gplayfordia@blogtalkradio.com,Female,18sfmcHdAq8d2vcHCbDSJ9s7WKgiChdkYN
Emilia,O'Flynn,eoflynnib@wunderground.com,Female,16ocH15XFHZNDBBAd7wMSJFUouphNAHnoH
Bay,MacGrath,bmacgrathic@globo.com,Male,13mjra4fpo639o42EGsLAyiGLDeNdMpzVm
Mano,Podd,mpoddid@squidoo.com,Male,1KDGfgjmKxNCi1gRc2Xdtg9XV8Zz8KnMm8
Roth,Bakhrushkin,rbakhrushkinie@youtu.be,Male,1Ndn6XqAphpwe8mTTD1GQCmrr3AjWNMWCw
Brandyn,O'Keefe,bokeefeif@jiathis.com,Male,1CY5eVjyzCMDxmYFUe7wSsf3uTRS1JGrS
Bobina,Firks,bfirksig@loc.gov,Female,1BNWRUQmS1HvwzKwDKTrXAx5xJo4ow1VbC
Guenna,Stobbie,gstobbieih@1und1.de,Female,18yG1hdvzQnxXRjhsGcxA2XqTnJiRcJyP9
Roselia,Follin,rfollinii@about.me,Female,17zSqVoTvEWwBgUWXyogFfoVcwRBdZzQij
Phillis,Courtman,pcourtmanij@reuters.com,Bigender,19oXo5tR14JgXRUZEZ7czWzGZdCvd32oP3
Alphonse,Skull,askullik@acquirethisname.com,Male,1Gh3AMscgoB6uCXX8yGPduPNxictzzHee7
Grange,Tiner,gtineril@nyu.edu,Male,1GDDpVEpNVYiWfSoPhSWqNu7D523JANPHG
Kean,Whitford,kwhitfordim@skype.com,Male,1DcHbpAdyHrJZc1nszmwfdCDzBWgondZz
Rosetta,Sarten,rsartenin@gravatar.com,Polygender,18jKsvgeJGJedoSvxEfBjfU8deosFi7xir
Mattheus,Saint,msaintio@feedburner.com,Male,15bP6vXfNZaqT7cMphRHEvhKdWULzacoJz
Ebony,Siccombe,esiccombeip@studiopress.com,Female,16Tj9Yo3CKdi4U2kwfpAm9hubW66q6QRUP
Jephthah,Creedland,jcreedlandiq@biglobe.ne.jp,Male,18KeAQ4XiefFENnCwun9ATTogJgX6E28AD
Editha,Dillimore,edillimoreir@state.gov,Female,1Ju1XNNAZVkvmhoWN28ANum2BMbmx18yRv
Jackie,Millard,jmillardis@examiner.com,Male,13RHNjNv6CfucTHfqkeMmYKn2NyUPGs2y9
Blair,Sine,bsineit@mac.com,Female,19x9dBVsmqfd1DwkVudsWaKs3qVwX9DRiN
Cosetta,Fitzpatrick,cfitzpatrickiu@businessweek.com,Female,1E1rLtYnJvWyj4fJkZj8aVfqtGMucbKLru
Zarla,Westhofer,zwesthoferiv@cnn.com,Female,1EKW2cJrDngd7dJFeDDWh9Ri2gk2JwrLW2
Tann,Schlagh,tschlaghiw@theatlantic.com,Male,193F8Kax4td5Gre6Rwb6zwX8esJedQwsp8
Rey,Beckham,rbeckhamix@typepad.com,Male,1Mw4mdJjuUzPyX3ZW7YKDvpWr99py3vq68
Pris,Jardein,pjardeiniy@sitemeter.com,Female,1PSTA2g3x8G6pDXn1YM2cHZTTX8M2B1kdb
Sharia,oldey,soldeyiz@constantcontact.com,Female,1FpPCYoDa4ubXogaB2qy83bcbPh3skjUUS
Clo,Farbrace,cfarbracej0@home.pl,Female,1LECj64fas56tAP9nnNeB4vn9c5gcTYyhy
Anatola,Coode,acoodej1@irs.gov,Genderfluid,1LMsi2orsA8cHsptWx6Ca2CfkSkU9QWNkZ
Patton,Kalinsky,pkalinskyj2@illinois.edu,Male,1MvaBRSnFLJ9rnWuqTdunbBZKbvi1SRq2V
Lin,Bwy,lbwyj3@histats.com,Bigender,1wCctyaCAnx1n1t9y7KDu9WkfK8Ze7Egf
Maurine,Warrender,mwarrenderj4@google.it,Female,14SvxjjQDhv6hwzrJj46g9SWEfpu9EmAua
Arte,Linguard,alinguardj5@nhs.uk,Male,1MaLysyNYLmaDPkKa1ESvFiqA3QY1h1wWk
Vanda,Zannolli,vzannollij6@wisc.edu,Female,1FJw25V3v5eWfhDPjRgRJYkgmGFGqAEbu2
Kary,Troyes,ktroyesj7@adobe.com,Agender,155ZSBgjjTWbA8J9wPnDhtqMWhd57Hz968
Westbrook,Eneas,weneasj8@dailymail.co.uk,Genderqueer,16U7htkvRykKjrb8mvPCuhUmBp4LgLUk3p
Kalvin,Tourry,ktourryj9@pagesperso-orange.fr,Male,1J4mzNFwfo4fdXi4KhwASdyizZ2tLRYNjJ
Hewet,Wolfit,hwolfitja@skyrock.com,Bigender,16PfZQAv1eS69Kd7WnaeTGBF1KqZsKYnzy
Valaria,Lindman,vlindmanjb@apache.org,Genderqueer,1HnEa8V8UcSeJnogg6RdWRZ1mVWTiqHSV3
Carmon,Jennaroy,cjennaroyjc@fema.gov,Female,1H49TH935R4Q6WML9p3gd4Ei8qT52SNL1A
Odey,Lynde,olyndejd@1688.com,Male,1LctpPZo4ZBqHG74hEUQmhKAWkr8uzxEr5
Marley,Frewer,mfrewerje@cisco.com,Female,138n65Z9W9s4tHXqDtjpePgBTNQM1byGwP
Noach,Lloyd,nlloydjf@mediafire.com,Male,1A8U2CY9mP15L9eHCKxzALjCftXeL2RYU2
Melanie,Karpychev,mkarpychevjg@usnews.com,Female,1LyA6pTLRwpBWyxdDgrMd1X6CqX9DywQ3j
Craig,Asipenko,casipenkojh@mozilla.com,Male,1CVhkuQMruJjaoZaPPtg1W6MA8ft24ZQNU
Krishnah,Cockshtt,kcockshttji@techcrunch.com,Male,1H1wZ4h8cS4Sm63Y9pV2G1ht2pFH59xafu
Tiphani,Pound,tpoundjj@ask.com,Female,1NyyGm7QayT9ADCJRQAJJVB9tdBNDqVoAc
Sada,Olesen,solesenjk@toplist.cz,Female,19Y2xKYTjqeUNT3yS4GTxkqZWbmhRfKT5u
Wesley,Waller-Bridge,wwallerbridgejl@noaa.gov,Male,1DJLMKG8VyiDGDwHp8RrGKTezoah1PMBqt
Therine,Riseborough,triseboroughjm@mapy.cz,Female,158w3xNtPZLxNjJ4ySBrrowo1HVxbC3aBB
Cleavland,Down,cdownjn@sourceforge.net,Male,1DAPtS7u761fNZLfB7xg1KFRtQqogtTdzy
Xylia,Shovlar,xshovlarjo@businesswire.com,Female,1HgZbU4oTXiFsUN2wSwUXai7FZvnKj7rGu
Leonora,Quilter,lquilterjp@paypal.com,Female,1KW7sRM6MyuRNVZPskRUUAj5U5ZypZTk3D
Kamillah,Byas,kbyasjq@163.com,Female,1C7x8AoSSzcAbBttc2wJseRJaHH9yMxELw
Anissa,Filipchikov,afilipchikovjr@microsoft.com,Female,12d1mSfwy9BxURkBf1YBa1ApzLBmJhZ5KM
Jarrod,Danick,jdanickjs@deliciousdays.com,Male,1D1LxwNAe76NY4C9mh1RNvZjdjYTmPPVuV
Anatole,Shevlane,ashevlanejt@phoca.cz,Male,1PJkWJ1M5TUtgDrZf6To7mFbfq6JsjfAKD
Michaelina,Grishukov,mgrishukovju@exblog.jp,Female,1HFZ2rBrZy7rMN1sF6b4cCNzKzqZoe7gCk
Lauryn,Le Grys,llegrysjv@disqus.com,Female,122Jjq3xjhChc58h12gWvo2xPJzAkzUGqS
Golda,Hutchison,ghutchisonjw@quantcast.com,Female,1KEWBFetb5xXkE5ipGp8R9adM3rBhYGP2u
Patrizius,Vasyutkin,pvasyutkinjx@arstechnica.com,Male,1JgTtmU5g1WjJBzE7sR7vHmmvWAp4iYcLR
Fritz,Vasiliu,fvasiliujy@vk.com,Male,12qhVGzV8z86bz75F4uJeHPnnqQxBDeGQB
Anette,Stapels,astapelsjz@nyu.edu,Female,1E1U44Js8ovjrKxVeXzzwUriLCi8Pddnk8
Quintana,Kittless,qkittlessk0@g.co,Female,13J7m1MeoD3NpK2HiyCGFZ5FoE7e55yZz4
Pincas,Dufer,pduferk1@dmoz.org,Male,1P6pE7ekoW6tV1dGK3GM98aXz2suQG5Y6v
Duky,Lendrem,dlendremk2@webs.com,Male,1NHhJWJxRyFkaM329fXySvJbpKhdeym6f3
Gladi,Cozzi,gcozzik3@huffingtonpost.com,Female,1NQ3RvEi9j2f1ha88Z3qvidCwZnruC349q
Stevie,Matura,smaturak4@google.pl,Male,1dm7yZ3ZZuszDWfcMQyxPgBxTEtVhDp9L
Issiah,Dmitrichenko,idmitrichenkok5@msn.com,Male,1APgjwBiA4viExf2t6n4zMSQpqFMUSbKkA
Dusty,Wotton,dwottonk6@pagesperso-orange.fr,Female,14FBqwX12fYU8TPuTJKmDiEd9tA3CZF55N
Audra,Markwick,amarkwickk7@sciencedirect.com,Female,1L4SgvPfuAwZHGcVAgY6fyWrLNcZqWzuTH
Tannie,Stonary,tstonaryk8@whitehouse.gov,Genderqueer,18FYv5UDrbc1raywKCW2nGJuyeqFZQPZcp
Fowler,Prettejohns,fprettejohnsk9@smugmug.com,Male,1M8thYVLbZYazQK1fhbQyjjhivoQdJcAJc
Torry,Youings,tyouingska@skyrock.com,Male,1PjpHLWtdBwVE54ANDPraQZXspHJU41DBe
Corinna,While,cwhilekb@tmall.com,Female,1CJVCt52vMgTQoxoQ1PPPw9P618XdCPQva
Maurise,Feuell,mfeuellkc@odnoklassniki.ru,Male,1LKz3pYNzgajNpKoGfmdnRwafuf84fDMDE
Hartley,Wheelband,hwheelbandkd@admin.ch,Male,1sb423KYhuoqVduVUjXZBVehZU1SDAGv3
Tonnie,Atty,tattyke@i2i.jp,Male,19pXztnAy2zWaZKXaMBhYA83wxFyQgrzbL
Clarey,Jachimak,cjachimakkf@yahoo.com,Female,1CkJ5Lwi9hBWyZj8HqDkVsEyzWWdfcJcj3
Catarina,Muckian,cmuckiankg@blog.com,Female,1D2ZRvzediFxB1Q1ja8dPk4DzaSHKr6v3W
Yolane,Fields,yfieldskh@discovery.com,Female,1LpKucrqfBLBsSXah6mtpMwjXwfhFB3Wah
Tabbatha,Gillogley,tgillogleyki@google.de,Female,1KcS3uZCECohNnMspuKV7uyfKcjmoM9M3C
Obediah,Rapley,orapleykj@hexun.com,Male,18qQhVsrrot8bSe2xruLgMTorWdYtq6enL
Olenolin,Tames,otameskk@google.ru,Male,127fjrMj2jPwVj6ErPjDDN3QMCdPSH78HH
Sayers,De Giorgis,sdegiorgiskl@businessweek.com,Male,1NQ9bd4n283kVoPTQUed5gf3NbCvY1uaYn
Karil,Colleford,kcollefordkm@google.es,Female,1Fq6fpeXStC63iUKvNvGyuR7UyUS8kZnPG
Wye,Phayre,wphayrekn@lycos.com,Male,14b6n8bF2gcfrMhLk6ZGN185sKryJ3jyTt
Omero,Sissens,osissensko@t-online.de,Male,1iXiejN9eTZB43mTj9cK1NJATdWYoGChK
Ax,Allworthy,aallworthykp@webnode.com,Male,1DPYmfguVszf4HZKUgoYLE74Yo6sdbZoNH
Eustacia,Svanini,esvaninikq@stumbleupon.com,Female,1ERoSwAYepoecdfGRBEa2q7We212LPeeBt
Rutger,Lilleman,rlillemankr@tiny.cc,Male,1GHUU18dV8s65kVdiEoyvD2t1hTZ1z5kkw
Giuseppe,Rickerd,grickerdks@ca.gov,Male,14wdZBWCi1W2GgTCGspvrjCogF8eziVW42
Quentin,Ablett,qablettkt@pbs.org,Male,1MXGGw2V3wg95ZX7m2iggPQc6CAt8xyacx
Brittany,Durdan,bdurdanku@home.pl,Female,1YzSpmKgooRyjLWu41WkeqywFXDVzX9p6
Gannon,Kurt,gkurtkv@sciencedirect.com,Genderqueer,1NWCx2AkEiUgE3qnt554tGa8Akr5t7cLNX
Brendon,Snuggs,bsnuggskw@chron.com,Agender,151Uzke2tfjZTSbCqvfmbKqz8FKdBHWQDZ
Cob,Mullineux,cmullineuxkx@addthis.com,Male,1LoGwcuHj3Rndmg2rqB5eXqFm7sXg82m1w
Andris,Risdale,arisdaleky@free.fr,Male,1JBU9q9ApRtAz9EJUrmSgnanmSucnEXyxB
Zsazsa,Hurley,zhurleykz@bravesites.com,Female,13Wzm3V4bdPQSmQz7zj5UdzfdpDx5eeFYa
Brnaby,Lamplugh,blamplughl0@purevolume.com,Male,1DiexztMRuw5uNaxkD3o6Tct2ii5gj5ffx
Delly,Chasmer,dchasmerl1@ca.gov,Female,17fh61g2unxpiUobZPA5mFtVzhKWLrdaTz
Eleanore,Tawton,etawtonl2@ycombinator.com,Female,1Lk2guv1YpbvtvpeFkTrTijyTyV3uturoW
Gabie,Reinert,greinertl3@webmd.com,Female,18tCJJ48VPivbg8s6CSdQdRqjnMTnyfv4p
Lianna,Ajsik,lajsikl4@hao123.com,Female,15mf67VoHmpeAMkZkARYcSCJtccEYa1m99
Margareta,Wittleton,mwittletonl5@ucsd.edu,Female,1P1p82kX6xYbBQvXPiqC6PEgnHioFiWeNh
Kennie,Lafford,klaffordl6@google.com.hk,Male,11S9cbopz5xERNnSgFnv2vWCKELJ1C1q1
Junia,Yglesia,jyglesial7@google.com.br,Female,1PNLMUJ1wgTzGQKK2uX573bzHCfWWUWPpy
Isidoro,Pisculli,ipiscullil8@theguardian.com,Male,1PedDjayyJ9oQojdKckcAoxuhE4pEWkGNr
Yolane,Delacroux,ydelacrouxl9@salon.com,Female,14jSQ5ds8UUGDnwC95tP8qv9daqd1nrGpu
Wendye,Attkins,wattkinsla@prlog.org,Female,1KDsERMEfVQWoo2D6FhiookEiXdtEPJoMr
Octavia,Faiers,ofaierslb@oakley.com,Female,1MXqGFjimKeef6VBsxsJyaf1wbN6LSDRqa
Jordanna,Weakley,jweakleylc@amazonaws.com,Female,1HEhLpb2VGPJbqATZ7EZvekp3utN9oXqBZ
Mair,Kneal,mknealld@github.com,Female,1cwdzhW72UyxRHghM7P2eKTsHmXyVUT7G
Burtie,Cowthart,bcowthartle@people.com.cn,Male,18EBkco4EtaDudLY97wr5iUgGx3demcUg4
Ulises,Westraw,uwestrawlf@tuttocitta.it,Male,1KC86Zc1n4LDucmiSFLBKhLnZYuR2DbPed
Tessi,Daffey,tdaffeylg@wordpress.org,Female,1PgoQfQqTXbb3JSe5tWvhppTVQXZSs9ohs
Gardy,Grog,ggroglh@skype.com,Male,1jgUgwVyTp6hYj4HX1ygc9VUxL1WbjteN
Ronda,Clymer,rclymerli@163.com,Non-binary,1JgCe6bc185H93NPehpWwnYbsLAGvt5S79
Marion,Crowder,mcrowderlj@dion.ne.jp,Female,19Qd3bEAivPq9beuhGiBvNYJqtakDhPoMV
Grantley,Este,gestelk@cnet.com,Male,1QF6MmbFtxpGM8srWWX3sC7TeM2RA2WA83
Aluino,Lazenbury,alazenburyll@squidoo.com,Agender,1Pwzr84aLNSEetiXEPA3e8VGqpbUNHmNub
Augie,Wessing,awessinglm@pagesperso-orange.fr,Male,1GYzYY8P5DhFbTFysyj3S9W6BoY1Hj2HKj
Town,Tomsett,ttomsettln@java.com,Male,1DBiF1nsK2wXb2jcjPcc2XzGVMCvhh5UN5
Wang,Notti,wnottilo@eepurl.com,Male,19fPQeStEcWcLvuCPMXZEHWcPk84XJdH8L
Deina,Cissen,dcissenlp@weibo.com,Polygender,1ASuPm11GWk6gj5meRobVEVadZTKhGWvFk
Desi,Brownill,dbrownilllq@mapy.cz,Male,13sTGEyNC13cnpkbpiMi7pkeKTiCML8XFz
Kalinda,Terram,kterramlr@alexa.com,Polygender,16ov6fmZkqd1vLowqa4H3avECKTSB5zS7r
Caitlin,Priddle,cpriddlels@marketwatch.com,Female,1LE7Zy3QFPn14k7uEtHXTkax6MQMQ3UrUX
Daron,Rooper,drooperlt@google.ru,Male,1JUsiwhNTX6NJ3iC6jraadoQkpMzYS6Xiw
Reinold,Lenahan,rlenahanlu@businessinsider.com,Non-binary,1MU2jw2xN1XijJuiPGdoQ8ZmFgwce15iKU
Ruby,Nannetti,rnannettilv@ox.ac.uk,Female,1P2SDiYfcMrm7P84vi8suPir5QvsEh8DAK
Odey,Carpe,ocarpelw@qq.com,Male,1LXJWC3LbqfMFDKrjMrC5HQ7T8cQw7N1Ka
Boniface,Humberston,bhumberstonlx@infoseek.co.jp,Male,1GDqgrkFE2YgeU4SeMYfVeFvXGVrWPUSps
Constancy,Vany,cvanyly@engadget.com,Female,1C5WtfYkEh7jhxZvmiwvtBsXnRaVKpfkog
Aundrea,Cazalet,acazaletlz@wired.com,Female,13U89U5jhxcfhe8aUtnFYH4qhGyML6rHCf
Gavra,Espinay,gespinaym0@unblog.fr,Female,14T5hwzWuJ6exJN35kFMTS9BgoGBbKgq5n
Langston,Merrgen,lmerrgenm1@ftc.gov,Male,14uJjKZyYXdVriHZ2xiNUJZUCj2szfvW7Y
Dominica,Celloni,dcellonim2@ibm.com,Polygender,1B3YrX3EEJDxW61gDXGKod3VuZQnLHpsYE
Mirna,Liverock,mliverockm3@dagondesign.com,Genderfluid,19QVNwaa29E1JYvSUWxbxstRBesEfs4dcK
Staford,Mustoo,smustoom4@linkedin.com,Male,1P4HRTvZGh3PMSVXnHk567Q9TgRfB47ZP
Kary,Alldridge,kalldridgem5@creativecommons.org,Female,1EnAGUjYC6r3bDQ6fp35QRPuBCa2CzQo99
Hendrick,Spurrior,hspurriorm6@geocities.jp,Male,1N8xceTCRyhtPFBNetsghwfz5NQhj9YNMB
Jobina,Hamly,jhamlym7@sakura.ne.jp,Female,1Nrk2FUMFHFwq1MxsidfYwzBfvdTWYnDDf
Darcy,Kissick,dkissickm8@yolasite.com,Male,12SJxssEStN1Wx8yLsdrpZygnDVcStwnjg
Idette,Secker,iseckerm9@craigslist.org,Female,14iY5GKCJLRym6UNSKhAAYmkxaxuHne8nP
Caldwell,Gonzalez,cgonzalezma@usnews.com,Male,1QGX6P23a8WKxSoSkMwjWZaxCYGGMSkUER
Felipe,Paulillo,fpaulillomb@bravesites.com,Polygender,1NuT3NwwpeAviamyzT2DAkRrsEYUHLo1ee
Doralia,Neward,dnewardmc@washingtonpost.com,Female,12LPCjsdjNcYwjGbAezNcqCamNP3QwTdF9
Cynthie,Porte,cportemd@whitehouse.gov,Female,1Mj4gJNAQCZ845E8tqUeeUFuJk6KGEhLfU
Josephina,Caccavale,jcaccavaleme@wiley.com,Polygender,1EEUMP6EPfLpe4q8f6DJz4xk6DdKG2tCbF
Giff,Wannell,gwannellmf@hao123.com,Male,127H88CNbBwp1aMp4Xp4TXfmqBtN9VFzp2
Rudd,Behr,rbehrmg@ucla.edu,Male,1GguZ7MmipsBU8rRq5NqnzFfHwBooTGnXF
Bordie,Maben,bmabenmh@unblog.fr,Male,1PPc628cgEzJh2UgTUwBfWJ6KudW8g1UuM
Tricia,Ganter,tgantermi@godaddy.com,Female,19CuXoHMCaQPe1nUoJZM9LDoehfmxu4xWc
Mandi,Elsley,melsleymj@barnesandnoble.com,Female,13E6fKhydUvdMG3vG13ASzUkQaGpqjcBJ2
Marissa,Mycroft,mmycroftmk@yahoo.com,Female,1KX8Di7swBPooW2vN1H6MP9u5Tnh9yQPpf
Frayda,Brunesco,fbrunescoml@php.net,Female,1NbVJCePneo8sSMpW8DDxApGPgQxJnhSmv
Morgen,Brewood,mbrewoodmm@amazon.co.jp,Female,1MjQe6SzerbWNhWRG1j8wzCnvK27H2n95G
Matthieu,Heigho,mheighomn@hhs.gov,Male,1HDKV5GGctgzmhDfHGxvP41fCAQsEhPbK6
Brady,Chivrall,bchivrallmo@utexas.edu,Genderfluid,14Q9X6NMPhUtZDNTAyWK7LnfNhZ59heMaA
Stacy,Romanin,sromaninmp@apple.com,Male,1G4DQAmVq7KHjGW2AzLhojTx53whL55xbi
Janos,Congrave,jcongravemq@mashable.com,Genderfluid,1KPityS6metzCqBhVexzesQopPuWbUhN3s
Batholomew,Hathway,bhathwaymr@fda.gov,Male,17FSVnHw2X6UQiitvqo6ENr2WMXxVcsQTj
Dode,Dunhill,ddunhillms@meetup.com,Female,18tf1ZBdzSDTq5D7GvK4QqUb4XCvv2XVMr
Bethina,Edmott,bedmottmt@nba.com,Female,196JuPuUNYruXZ2jKhiLiUwpqSPThMt6aP
Sukey,Janning,sjanningmu@hugedomains.com,Female,1Pb6Y8cjSztGSd8Zh4khQx6HyAVoHzUcD4
Giustino,Oakly,goaklymv@house.gov,Male,1G5JFTvjY7g8jXdnfzjTfyrUgtgP157d69
Crin,Itscowics,citscowicsmw@kickstarter.com,Female,153iqiEzTFvUfSk93PWXomnC24TRwkT1Ad
Dewie,Scurfield,dscurfieldmx@google.com.hk,Male,1pDanRk83RBFw7HYg4iDJQYHBGJvnMcwg
Aubert,Dei,adeimy@infoseek.co.jp,Male,1WyUhAaguZ2kybEW3YibVFyJvzVaGvLNp
Tabbie,Cartan,tcartanmz@earthlink.net,Female,12KwbAu4E4dyKM2yDRUtL2YKYHfZVW1nv4
Greer,Premble,gpremblen0@altervista.org,Female,13Bz2SEoRQdQfGXE9Z97bzXbGuQLbTQbn3
Giraldo,Hardwidge,ghardwidgen1@comsenz.com,Male,1BjZW3UouTjpNA6krtExjYDZudDegEGLRo
Theobald,Travis,ttravisn2@purevolume.com,Male,1Cj2bsvxVUohaoSe2T5XKKirYxgaVMptKp
Levey,Kiely,lkielyn3@over-blog.com,Male,1BB96QT927mgwdTagV5ScjiJNGogGTS3yJ
Josephine,Lexa,jlexan4@4shared.com,Female,1Bzm1B2TFhENrxd2rkU8Na8x5StogMC4H2
Buddie,Shoutt,bshouttn5@webnode.com,Male,1GyKU9JN9xNxnLpxMjMsKcKVACD1JaWgtm
Larina,Smewin,lsmewinn6@cornell.edu,Female,14R2TxBDxfCdDzNpNxxyEGWsLaEKaydVcf
Daveta,MacGowan,dmacgowann7@tinypic.com,Female,143SNiBAa3cyJTztavTbmr35eHCtZJd4XM
Diann,Darlison,ddarlisonn8@techcrunch.com,Female,1CW3MT2hAm6ujZcdtKrwcjHRkk9nesgzc4
Sancho,McCathie,smccathien9@answers.com,Male,1GHWP2DA7sNSbfDto7eYBQf6G17gBGd37p
Ralina,Hierro,rhierrona@google.co.jp,Female,18d9wEsKnwVtdg5AQozJonatJpDxMeiUQr
Madel,Dietz,mdietznb@hao123.com,Non-binary,1MuYcWQPLgQFeBLqbVAHTLMHEe7U7vxVno
Margarethe,Beyer,mbeyernc@addthis.com,Female,1PAMMeF4xr6xUtdX5jVBm3Vgha2Bp4S3cf
Anabelle,Fagg,afaggnd@photobucket.com,Female,19fRZngwq9hFCwMDnwAP9qNEaKFWHGp19d
Immanuel,Nobbs,inobbsne@slideshare.net,Male,17kwpWNtCd8iMEmKZtNqjmwMc41sdkuYJ9
Levy,Atmore,latmorenf@mail.ru,Male,14iQz2JFA6Me3f1a5CCbgSaPzoXgcZePUi
Archibold,Cramp,acrampng@imdb.com,Male,16Lznj8rbze66bRkFffeZzwNnXJ5dnrLDn
Reinaldos,Guard,rguardnh@dell.com,Male,1Et7n5wx81zrkvLTbDgGqrtqvzButJR4L7
Merci,Kerwood,mkerwoodni@economist.com,Female,1BducpyGuqxtGSj4mZ6ijLwtaNNjcc2czH
Letitia,Clapison,lclapisonnj@youku.com,Female,16CQ8izgbbbYFF45KAr8DSdxXUmpDEenCe
Merilee,McGall,mmcgallnk@un.org,Genderfluid,16A28rFZjH64S8ATSwV62xtU21gzBKvTYP
Jasen,Ninnoli,jninnolinl@networksolutions.com,Male,17BoHrojFUJ943YZJEjgzVfKc4x1EcKGJN
Andra,Rennick,arennicknm@whitehouse.gov,Female,1PCvEZU14ZmvxVcTXHJDrxP8goF6RM9byk
Rube,Frowing,rfrowingnn@macromedia.com,Male,1LredRLkTM49PpAFAQH5uAtwbW3ERbr4cs
Eberhard,Bellis,ebellisno@cnbc.com,Male,1CNG4Uyq4MvMwQFbNfdY5ZVVYKnBXJ4BTn
Faydra,Tortoise,ftortoisenp@icq.com,Genderqueer,1AXfvkU9fMYeNN6jYu6EHMMU5Vio3yRMWJ
Natale,Blackaller,nblackallernq@diigo.com,Male,17wJmCXeugJrSQ54W9bQkLRkxAkQmJrWch
Natka,Leele,nleelenr@tmall.com,Female,1JNX3xvBmoUP8VEw3RpxFH9vasUNJBVB9Y
Corella,Buttfield,cbuttfieldns@cbsnews.com,Female,1GFaRE1fxywQUFDjChBMuEm2wGR7dTJmmV
Selinda,Twallin,stwallinnt@blogtalkradio.com,Polygender,1HJfnXBGtnUDyE5Rq2o6V51EQLcvBBa8kg
Joelie,Ferreo,jferreonu@who.int,Female,19xaGP9Sbc8Vrf2Qjsg6ScNQ1VM5PmbPnN
Dorice,Treadaway,dtreadawaynv@mysql.com,Female,1P4dHPH6xtWEfHgRfPJtJKM44BHMmu1gPv
Matthias,Aldine,maldinenw@shop-pro.jp,Male,1L6W7De9EkQwR9S99eFFUP1CSw98CrQbFR
Ramon,Lamanby,rlamanbynx@edublogs.org,Male,1bZBocPsfUxMGB5bB6k7XeyCVk7zE7Rf9
Rubia,Deshorts,rdeshortsny@biglobe.ne.jp,Female,1Nq5fDFnzefvwaiC4Z2vHsazNTUqr4uxy7
Ashien,Baude,abaudenz@pcworld.com,Female,1Apzu7fEXrJZsTY8KPy1JKPG6Jb8koQxJt
Alysa,Blastock,ablastocko0@bigcartel.com,Female,15btFpzw29NQkgueH1MbbHaEjDLbnjLgvz
Delcine,Vinck,dvincko1@wikimedia.org,Female,1HFpL44V6X8SzSiff9agPgjSr1pGhmaeGz
Jennie,Dawtry,jdawtryo2@npr.org,Female,1K2jQvy1jptqh7gPKbKEcPwGMFi3w3MVpS
Augustine,Renachowski,arenachowskio3@tinyurl.com,Female,1BJ6zF4jDQ1iWtTZubgqwudvnySkuHZ1Gn
Monika,Siemantel,msiemantelo4@goodreads.com,Female,13YAVNYnhVVqUTJz7pi2jRRz4byRKXTeEE
Valeda,Tudgay,vtudgayo5@hhs.gov,Female,1L4ZWycoKyVP4V3ijhkBE8oh3ZnjJFJRw
Ardith,Manville,amanvilleo6@addtoany.com,Female,1JdzffSKT2D7oRQbQv3WsH7MLTcQAoUTVF
Heath,Gregoire,hgregoireo7@360.cn,Male,14zy3soY378jrRvTGpPhg1sUUHjCsfB1Xg
Jennee,Bartley,jbartleyo8@umich.edu,Female,1P3WagFVvMc3cxta32q8BRGTvceRxp3p4m
Meade,MacGettigen,mmacgettigeno9@mlb.com,Male,1Jndoa1YVLyzCHMC2qWymGJWr8AAFkMh9G
Hadrian,Gliddon,hgliddonoa@ebay.com,Male,1E7gLWenpnJt749us3aUNHrt6WEAUD1F5U
Arlie,Fettiplace,afettiplaceob@cmu.edu,Female,1NDMYw7wt6AxeUg8xLHucFmFqpmLf5G21c
Corny,Murrish,cmurrishoc@sfgate.com,Female,1PhxLF6WLXFCA6xcbiM4iiK5j1kXufYnB8
Britte,Snashall,bsnashallod@cam.ac.uk,Genderfluid,1DLn5DMxZxLnWABfpvuZyj5ZH3S99nWVXx
Cosette,MacMarcuis,cmacmarcuisoe@myspace.com,Female,16iQF9ZuFBn8ojdc1XdHEL3XuJbzweTtif
Sibilla,Eglington,seglingtonof@webnode.com,Female,1Q6TEEisNwHHeDXQBUMSp6dLojepugsFHH
Brenden,Beilby,bbeilbyog@dell.com,Male,1AbbipkiLL82ysyaYSXDAJiiFt3MFM6r1
Charmain,Hallum,challumoh@apple.com,Female,18nwBi5cs46uGhbQqcs1fCxDhhye7wARFu
Wit,Remer,wremeroi@upenn.edu,Bigender,13E2qmLev9Hkf5AAhYo4L5c4RPkev11dHe
Penn,Dorran,pdorranoj@soup.io,Male,1JVahSA9tYu6EodziXaDw7YF3u86nNqe9R
Nell,Fawthrop,nfawthropok@360.cn,Non-binary,17bfTVXUcVJCr7FaGmcwvLucXmj3PGbk5g
Kinny,Nockells,knockellsol@census.gov,Male,1Lj5jkW1b8mFXRyiaTPQESGHZJ2NXjPFfz
Diana,Timson,dtimsonom@networkadvertising.org,Female,1D25PRUmarq3YjBVyz1E2GDXY1vsKAMcm9
Mariejeanne,Turneux,mturneuxon@networksolutions.com,Female,1KNtDRgbrBWFsyN7mk14pqMiaGBgfW6FNW
Keelby,Mylan,kmylanoo@mediafire.com,Male,1FMiNZXrnZgt9LtWXnx7GW2oYriwegvcYh
Bliss,Rowell,browellop@wisc.edu,Female,1GeeMSTsVbhVSDensYoiqXHY9jJkcERSWq
Melina,Swynley,mswynleyoq@indiegogo.com,Female,16ffhrsMrr5QzaVg8KBnWFPLntf49myPt3
Consalve,Wallach,cwallachor@chron.com,Male,1HDEJ1fyVV8wZE316ctJgUV9TsJofkvMyf
Shelli,Groucutt,sgroucuttos@netvibes.com,Female,14q6Yp66SaUSvqZNJfoHaydTZnoaijnvih
Whitaker,Targetter,wtargetterot@shareasale.com,Genderfluid,17Bo52EjHjNZxdVt7ouRC5i26bX6srzPpS
Stafani,Peddersen,speddersenou@yelp.com,Female,1KGcYkHMPJcjuPmA442xCH6EG3MJMTByhU
Noreen,Jeffcock,njeffcockov@upenn.edu,Female,1KZYUmeF5t8wTG53bm36FTW23sTKE7APTu
Mohandis,Orcott,morcottow@hostgator.com,Male,14epTZmc2qZBk2ZZYgkJaTqbdMucotjzZG
Saundra,Hengoed,shengoedox@webnode.com,Female,13eEMv1xhzNnk5pGeTimzNgFCYM4ZsGkAD
Ansley,Mallaby,amallabyoy@linkedin.com,Non-binary,188fPUxwWM1TnW2L32nMUwcr6cNTaCK9Nf
Dyana,Armall,darmalloz@census.gov,Female,1GdKm6ZqfaDECr6iqwrXbvBsB7v7xAtvpU
Abbie,Bone,abonep0@cafepress.com,Male,161vkAAf9icJ4V6yL1ssq5zmqgeCoS641v
Sloan,McKintosh,smckintoshp1@slideshare.net,Male,1P7ALYkXSMC3LEGuvmy53Lx3uHQBK5RXdQ
Lilli,Lindenfeld,llindenfeldp2@biglobe.ne.jp,Female,12PHoExU9CYdfnk9HkH7K2aJJnjqh2qjpM
Kinny,Mordue,kmorduep3@altervista.org,Male,16kVdTmhEfdCkeDH72ZcHXRNCqx9ugwxLH
Emelen,Durrans,edurransp4@arizona.edu,Male,1AwW57xkW4BY94UixYM6NvzuWBVnFhTQxz
Hollis,Fleischmann,hfleischmannp5@plala.or.jp,Male,1N4Fv29HXYpXbmyMjtGZRrFqRFcwJzsedy
Yurik,Sexti,ysextip6@pinterest.com,Male,19e8gxtscCtt9fv8urruLK3SfoFQ6YuLzx
Devan,Watkiss,dwatkissp7@mit.edu,Female,1KCnLsGuNe4SdayPd3RPTWTedcsiMpaANX
Marchelle,Beck,mbeckp8@forbes.com,Female,1PLarC8aBYcyWi9dnQcA8etHrCQHrRFjuJ
Elias,Duley,eduleyp9@trellian.com,Male,1NsdWAWRs49ahh4C8xHAPHt6M6qpfyEcKf
Briggs,Dupey,bdupeypa@slate.com,Male,1Lc3ymJYjZPdxLhmqKZbpkRtJUyQ9dnzvm
Esther,Jukubczak,ejukubczakpb@japanpost.jp,Female,1BfdQNkDd8tfPDK7EEhd14hZ9onJJicgaE
Shannon,Braund,sbraundpc@myspace.com,Male,1KeE75ttP1vvo1rRZ99nRNPQXctTbfikRe
Aksel,Menaul,amenaulpd@wunderground.com,Male,1PZZmkYhLH8DBw6aGoNcHXTXKVHLyrTt5N
Jami,Klemensiewicz,jklemensiewiczpe@nytimes.com,Female,15HApvdGTR5qQvHjankXr8p2QAcDKSYMPu
Berti,Baumer,bbaumerpf@cargocollective.com,Male,1NX4A7dVYcgF6UGer8ksAHsR547Xb67KUT
Lizzy,Volett,lvolettpg@abc.net.au,Female,1GmWChuf2wnSTyehZaPQfDMMy2a2iFmG4R
Wye,Whatman,wwhatmanph@google.es,Male,1JdQ8nk8Leni8uWfJaXrojhyY3W2Yw3FUe
Mil,Kobpa,mkobpapi@t-online.de,Female,1m6vSmNayVCr6rCg31D1HUXsMWWudzMVX
Aigneis,Andrieux,aandrieuxpj@infoseek.co.jp,Bigender,19nffveskBgBkYjfyCDfj6MaK5KzLYCnSj
Mariana,Kornas,mkornaspk@parallels.com,Female,1H6z7ySFUz6uheHpUZG1LTMECPGYcngvAx
Morris,Natt,mnattpl@wsj.com,Male,1G8NrtAiqet1FezNMRn6j4qLNcHvEhURSB
Cordie,Spellard,cspellardpm@springer.com,Genderqueer,1HrgWStsmnbvWnvngcQ1bDxCV1fUXqfppu
Tim,Duckit,tduckitpn@blinklist.com,Male,15RQG42VJqvcuQL9eupUveKMaXBy6sdzPn
Steffen,Gradwell,sgradwellpo@bandcamp.com,Male,1JvxE249gmTiHRERoKiE4ypYFAG7E7jqw6
Stacee,Broughton,sbroughtonpp@twitpic.com,Male,113AioXQyBDCdZFtzRxz53vhMsCZhkDMVc
Ronica,Mossbee,rmossbeepq@artisteer.com,Bigender,121jNrveE8PuaZZmf5tH58MUwJ2e9W2WHb
Emmery,Suddock,esuddockpr@jugem.jp,Male,1NiY21FDeU74D38KkgQrYMdpW4UpETHdLD
Joe,Cereceres,jcereceresps@blog.com,Non-binary,1GpckhRDvxKFCrdHygKwZptRqnovLtPbPf
Greg,Avramovich,gavramovichpt@g.co,Male,16CsvHgEWRiH2KiuY84zQW5Wc3CdkY9zDk
Baird,Stiegars,bstiegarspu@twitpic.com,Male,1CWsacixyuy4vWpEAXLGoPgDjn3u36192P
Emylee,Bouldon,ebouldonpv@cdbaby.com,Female,14LUYpYUv38rwgQQEPcsZf5LVXowFVNwVD
Jabez,Severns,jsevernspw@ft.com,Male,19i9f6PMWhMyoTKgywPPz5mbaRhqFS5TUu
Rey,Thoday,rthodaypx@squarespace.com,Male,1PU6Juu64DbH6z2mUHUJf38nMdbpM9Mifh
Averil,Hymans,ahymanspy@naver.com,Female,1LvHbk7BsEb726GQ768rN4rhXnRcMvT5eW
Eachelle,Mustarde,emustardepz@theglobeandmail.com,Female,18G3ZBwUoKLoFgvMqrhdywX8v5TDSFJGq5
Daron,Brocks,dbrocksq0@drupal.org,Female,1Q9UVXGWnFwo9zSZJyDN1pLwjoDw9owrz
Rubina,Longhorne,rlonghorneq1@w3.org,Female,1CWZDt8j6wwFujcDXPTkDmSP1zK8MzRBiK
Bjorn,Baytrop,bbaytropq2@rambler.ru,Male,13k6vKraDuzTBU3waZjpFAUJ5Lw5ZrFfXv
Knox,Campany,kcampanyq3@hp.com,Male,1PofZWHeoaWi7nZHc1FkVaftQi1nPghvrC
Mildred,Klicher,mklicherq4@pinterest.com,Female,1EmfX8qW7QRoDPwV29zyjBf4wvGN1Wutsv
Kelsy,Kirk,kkirkq5@cnet.com,Female,12feutDv2EjDdLiyVrov6cvUda9STtSJHv
Marcella,Grestie,mgrestieq6@themeforest.net,Female,1NUAjjb4mewJwYFnX5TEtfomiTVBJFj5fX
Reinaldos,Skehens,rskehensq7@xinhuanet.com,Male,132ti5Nnvyu5zbZhqniS8WmHTJE5SCort2
Jerri,Comellini,jcomelliniq8@desdev.cn,Male,1MLSAtan1twdxRmAgDGUuzYbCZAtUpyBWQ
Mirelle,Aymeric,maymericq9@youku.com,Female,14sP3bEZiaM4WRKMsYNEGSsr54XKeY5zye
Taber,Feldstein,tfeldsteinqa@wufoo.com,Male,122aTDew7365meHYGdvgZhoKXAMqWH6Yrq
Denys,McRonald,dmcronaldqb@naver.com,Female,1917GqU32EBcTcQBVcCU22bdkVEdJ7aHi2
Vyky,Halmkin,vhalmkinqc@drupal.org,Female,1Q4K2t3pQnRYtvxWPgBv9B5vMvNdTiUzKG
Alister,Joris,ajorisqd@printfriendly.com,Male,1KdVXYE1EoDGF6rCUbGsaYCrz4k9w1gAaq
Leonhard,Thrasher,lthrasherqe@princeton.edu,Male,1KNr3CcLLf8zNCFSacYcAmgzpFvJybnhbx
Ashbey,Gemmell,agemmellqf@soup.io,Bigender,1DqGaUPxKLM8UjPrpWDYJaYnAenbkuwgp9
Justinn,Cheine,jcheineqg@youtube.com,Female,17uTVr1apuDRrQonHGphNyZtQ2ThadoR52
Magdalen,Leyland,mleylandqh@msn.com,Female,14LCtiXDJoi5PpiPDsKV968G3eixZYikPz
Alejoa,Klimentyev,aklimentyevqi@foxnews.com,Male,1B8gP6oczaaPkt2vY4v2BstNYLjVbQTNaB
Xenos,Crooke,xcrookeqj@techcrunch.com,Male,1DS6sjxmZXEkrTdU25DRDzFwx2GnHKA5Tg
Ros,De la Yglesia,rdelayglesiaqk@t-online.de,Polygender,1A2TyKP22en3TcqdgFrDq78eY4Ks36wz6c
Evyn,Shervil,eshervilql@nba.com,Male,1K7CSZ8zC6tzpjNe3gJ9VeeRnJavXZrk4X
Daisi,Desorts,ddesortsqm@china.com.cn,Female,1LCdgQUjKpt6AVxTZdtfWhT2iwyWsfGrNv
Maisey,Bream,mbreamqn@ezinearticles.com,Female,1EGaQNatbDjLY1ed9oVRHhMooFiwgD4skZ
Darya,Whyffen,dwhyffenqo@go.com,Non-binary,115UT1cnsnvVFTmx3trZ2w7xDqLsGPF2ai
Shurlock,Pruvost,spruvostqp@sciencedirect.com,Male,13HmKDZmFZDhqFtiNL1aof9rz5KXmTp3Q1
Gloriana,Greenhouse,ggreenhouseqq@senate.gov,Female,1QCmTMPPVzFDSd2NEGS88reHRs3kZvyS9f
Tasha,Coath,tcoathqr@php.net,Female,144pF9Y6wVNRiAZdecxhJCSE17oP2PzdSX
Justen,Spottiswood,jspottiswoodqs@constantcontact.com,Male,1K7sks7KH2mHH1g1FGynnTDrFbMoG6FUvZ
Iolanthe,McNickle,imcnickleqt@msn.com,Female,1Vy4qj8djWveRtnF4gXSQTnqRUn96sViw
Alain,Dillestone,adillestonequ@infoseek.co.jp,Male,146ujRhE68mYnUUUM3r6T7Nsbc5AYYKhZB
Petrina,Dyzart,pdyzartqv@xing.com,Female,1Jic5ipP7Q6rkveVRioacTuVqgQGr2MKzh
Bard,Antonognoli,bantonognoliqw@shinystat.com,Polygender,18qaqSm7iQ9kBT5epHgpcxDK1WXfW6mXNU
Eda,Maine,emaineqx@wiley.com,Female,14QtzL9dM7tprh8Ds1Xvuai5SMYuSHDRQ4
Doria,Sybry,dsybryqy@dmoz.org,Genderfluid,171iasY1rgSb6nSoxUR2fBM5WkgJn9r5sZ
Salaidh,Beaves,sbeavesqz@time.com,Female,1GyTAvMWLgxNQeZ4Xjz9phbCtuAL1E4wad
Odessa,Filasov,ofilasovr0@cargocollective.com,Female,13PQNtRejtHp4VURkhGwJqYGCj6oA5pEY6
Elbertina,Lombardo,elombardor1@themeforest.net,Genderfluid,12DFtvR6qwK3Kq5veqhbe8dc4JFXSjpMqk
Thedrick,Binton,tbintonr2@nba.com,Male,1LLXp8KPNUdDsB2xFdxZMtxLaAi9qAckqC
Freeman,Lattos,flattosr3@squidoo.com,Male,1Cf7xMM9qjNAnASj4QEoS2LS6w43w6kxyJ
Cory,O'Cahill,cocahillr4@theatlantic.com,Female,1L8dH7yNw9ak3mQeWnUpkTESR8C498CSgj
Onofredo,Windham,owindhamr5@noaa.gov,Male,12mfavJpLsKz51tVrsSd87fVn4BVYeXy1T
Hali,Lamey,hlameyr6@arizona.edu,Female,18M3fwhBno54AvFa3VQ63Wu3GpAFcUSzoo
Fernando,Chafney,fchafneyr7@bloglines.com,Male,1KTbef87xirtSZssL5BXJWbFpsx5MohHNP
Jeddy,Greenstreet,jgreenstreetr8@npr.org,Genderqueer,18A6R7nM7LbWVFTStnN7jWkLUoV4sD8Nej
Ilysa,Cobbin,icobbinr9@taobao.com,Female,1DzLSX9P6rqAroivm25gBnci5MFGe6EcFF
Giles,Jee,gjeera@java.com,Male,19Wpfripm91DjxcC3FDF9cjY1ZuHAXbqRr
Giraldo,Crowcum,gcrowcumrb@google.com.au,Male,1Pm7djbUg1E4XphxKDZKWkQKpdVjBCZbCC
Iona,Kach,ikachrc@yandex.ru,Female,1CoG6T4CxNMUNBhBNUE9CRJ5rwSUQh4MYw
Luther,Hankinson,lhankinsonrd@w3.org,Male,13tRaZUchvZk1s1i13zzfhTPSB1Ammmw8r
Rainer,Lehr,rlehrre@accuweather.com,Male,1DcK6zG5BkAv2LfMqfFv4Jvs7JEA822FNW
Hewe,Brou,hbrourf@histats.com,Male,1GGk2gzqhdWgvVoo6uwrvbMU3gAqUrCSn3
Thorpe,Parades,tparadesrg@gizmodo.com,Male,1KidEyW5d5VFnP4LVtg52UoPhsL1diAm6M
Karisa,Mansford,kmansfordrh@cargocollective.com,Female,1GzayYotwvWMaopEMorx2Uru2Y2c2fsNyg
Martita,Iacovelli,miacovelliri@godaddy.com,Female,17EWsFTHz2i2496jTNUGDMdMiJEzz9Sm43
Lek,Bosman,lbosmanrj@histats.com,Male,189SwRxyzr3E16XznWsVsJtGyiyNr7KvS6
Herve,Colby,hcolbyrk@topsy.com,Male,1LQkwPn5rwKjBhBEseUkztkeHABU4iT3NG
Lilli,Pitblado,lpitbladorl@livejournal.com,Female,161jEZPX3A9Y2JknN3ZN6x1HHCvmpQ7D3H
Bone,Hriinchenko,bhriinchenkorm@latimes.com,Male,1EeVQ6KPJNBE6QG3hZPKKfTaCyFvhHLk14
Dee,Ingilson,dingilsonrn@nyu.edu,Female,17ZYnAUkrJAuaoCv7KYkA4t3R3ZdAHmvFL
Jessa,Bohea,jbohearo@nhs.uk,Genderqueer,1CGg7jXQWQ6dE1w4MfCt3bW5qaBLLgV3AD
Shoshanna,Spoward,sspowardrp@altervista.org,Female,129BEEXCdyCjnKEMftqZJb5jD5eUk7nE62
Tamara,Gowing,tgowingrq@hostgator.com,Female,133RQEonydqakS6G35jE2iB86FuT2uqTpq
Wilburt,Crumpton,wcrumptonrr@lycos.com,Male,1J8aDsXCqP3kRKMQuYVbQDBE6r5ybCqpC
