id,first_name,last_name,email,gender,ip_address
1,Manfred,MacAne,mmacane0@washington.edu,Male,201.53.166.124
2,Dudley,Rodenborch,drodenborch1@msn.com,Male,143.108.114.55
3,Issie,Eves,ieves2@techcrunch.com,Female,169.78.205.146
4,Catina,Fairburn,cfairburn3@trellian.com,Genderfluid,173.152.223.68
5,Vicky,Davinet,vdavinet4@blinklist.com,Female,86.1.189.69
6,Bax,Coggon,bcoggon5@g.co,Male,97.170.200.6
7,Lyssa,Syratt,lsyratt6@tuttocitta.it,Female,1.254.167.252
8,Cassaundra,Adamovitz,cadamovitz7@msu.edu,Female,194.136.183.59
9,Ardath,Ashard,aashard8@latimes.com,Female,163.222.69.163
10,Sibbie,McCaskell,smccaskell9@prnewswire.com,Female,36.25.243.168
11,Rozina,Cescot,rcescota@de.vu,Female,230.62.160.206
12,Tobias,Losebie,tlosebieb@blogspot.com,Male,81.96.12.227
13,Constancy,Malbon,cmalbonc@phpbb.com,Female,110.226.18.44
14,Meir,Goldsbury,mgoldsburyd@yolasite.com,Male,63.212.111.171
15,Roderich,Seide,rseidee@washingtonpost.com,Male,71.32.152.195
16,Cissy,Farmiloe,cfarmiloef@drupal.org,Female,131.76.8.154
17,Sarina,Harmston,sharmstong@bluehost.com,Female,113.248.120.74
18,Thorvald,Shoebridge,tshoebridgeh@seesaa.net,Male,253.73.169.142
19,Rosetta,Dannell,rdannelli@sakura.ne.jp,Female,225.122.165.113
20,Baudoin,Ingerman,bingermanj@illinois.edu,Male,102.119.214.59
21,Ash,Baytrop,abaytropk@mapquest.com,Male,220.53.39.141
22,Caresa,Matuska,cmatuskal@cnet.com,Female,215.97.76.141
23,Kimberlyn,Hague,khaguem@tuttocitta.it,Female,121.88.175.174
24,Wilt,Newcomen,wnewcomenn@ucoz.ru,Male,26.152.152.45
25,Eolande,Hunnybun,ehunnybuno@newsvine.com,Female,63.159.193.165
26,Karyl,Christiensen,kchristiensenp@newsvine.com,Female,98.182.61.97
27,Stuart,Barttrum,sbarttrumq@prnewswire.com,Male,81.167.166.124
28,Lucais,Jahns,ljahnsr@networkadvertising.org,Male,255.229.30.7
29,Cthrine,Leadley,cleadleys@ovh.net,Female,26.101.143.84
30,Javier,Schwier,jschwiert@posterous.com,Male,173.68.65.208
31,Gretna,Deschelle,gdeschelleu@twitter.com,Female,227.245.240.142
32,Deloria,Carnier,dcarnierv@gizmodo.com,Female,239.234.176.64
33,Mike,Stolberg,mstolbergw@twitter.com,Male,143.43.87.35
34,Herculie,Catford,hcatfordx@addthis.com,Male,203.217.216.238
35,Briano,Wondraschek,bwondrascheky@yahoo.co.jp,Male,165.82.144.98
36,Jillie,Aldridge,jaldridgez@slashdot.org,Female,14.111.45.23
37,Armin,Kitchenside,akitchenside10@nifty.com,Male,179.157.209.204
38,Reuven,Sturr,rsturr11@who.int,Male,164.161.18.33
39,Kennett,Sewards,ksewards12@marriott.com,Male,232.9.150.22
40,Aloise,Gislebert,agislebert13@howstuffworks.com,Female,125.58.45.99
41,Erin,Cantor,ecantor14@goo.ne.jp,Male,29.209.86.44
42,Burke,Spitell,bspitell15@cdc.gov,Male,225.209.74.110
43,Cherey,Rembaud,crembaud16@vimeo.com,Female,246.196.134.3
44,Ranna,Bollen,rbollen17@chron.com,Female,106.231.44.82
45,Buiron,McGeady,bmcgeady18@sogou.com,Male,27.111.110.243
46,Berti,Fleeming,bfleeming19@slashdot.org,Male,180.226.175.85
47,Haywood,Stailey,hstailey1a@nhs.uk,Male,187.4.196.15
48,Willie,Syfax,wsyfax1b@rediff.com,Female,104.236.44.106
49,Tommy,Coda,tcoda1c@4shared.com,Female,96.105.159.129
50,Levi,Bentham3,lbentham1d@marketwatch.com,Non-binary,223.51.2.134
51,Far,Rudinger,frudinger1e@biglobe.ne.jp,Genderqueer,248.245.169.253
52,Morey,Boxen,mboxen1f@umn.edu,Bigender,191.49.156.81
53,Monro,Crassweller,mcrassweller1g@rakuten.co.jp,Genderfluid,159.174.49.227
54,Benn,Oliver,boliver1h@utexas.edu,Male,112.97.241.46
55,Brion,Morbey,bmorbey1i@netlog.com,Male,12.110.178.38
56,Godfrey,Gallemore,ggallemore1j@cyberchimps.com,Male,89.100.140.2
57,Roanna,Esberger,resberger1k@earthlink.net,Female,105.245.51.3
58,Karrah,Daye,kdaye1l@ocn.ne.jp,Female,228.72.52.235
59,Yalonda,Mauchline,ymauchline1m@slideshare.net,Female,96.135.111.97
60,Maddie,Davenhall,mdavenhall1n@nationalgeographic.com,Male,31.249.138.58
61,Mareah,Tinner,mtinner1o@irs.gov,Female,94.252.236.199
62,Yorgo,McInteer,ymcinteer1p@wp.com,Male,130.159.66.11
63,Farah,Corkitt,fcorkitt1q@fema.gov,Female,45.222.153.36
64,Chan,Cicchelli,ccicchelli1r@jugem.jp,Male,43.88.16.141
65,Ania,Bleacher,ableacher1s@foxnews.com,Female,94.28.71.4
66,Bendix,Dykins,bdykins1t@dagondesign.com,Male,248.28.19.112
67,Urbain,Rowsel,urowsel1u@wired.com,Male,86.185.122.2
68,Taber,Southey,tsouthey1v@weibo.com,Male,150.126.131.123
69,Alexis,Bryett,abryett1w@github.com,Female,69.196.205.70
70,Geordie,Maccrea,gmaccrea1x@microsoft.com,Male,211.181.161.13
71,Buddy,Caslake,bcaslake1y@youku.com,Male,191.48.108.192
72,Sasha,Pallent,spallent1z@loc.gov,Male,85.133.185.93
73,Lemmie,Talby,ltalby20@csmonitor.com,Male,140.157.134.189
74,Filbert,Rugieri,frugieri21@imdb.com,Male,217.188.22.187
75,Gabe,Copson,gcopson22@nbcnews.com,Male,249.38.116.32
76,Rickard,Hazeup,rhazeup23@goo.ne.jp,Male,241.98.149.42
77,Sib,Wilacot,swilacot24@flickr.com,Female,173.221.14.36
78,Sigmund,Pedrollo,spedrollo25@shinystat.com,Male,169.17.248.121
79,Kile,McCowen,kmccowen26@yahoo.co.jp,Male,111.98.33.54
80,Mack,Munslow,mmunslow27@wordpress.com,Male,151.255.104.28
81,Yettie,Bonnaire,ybonnaire28@fc2.com,Female,30.137.62.30
82,Brander,Kohn,bkohn29@behance.net,Male,135.248.64.125
83,Jarret,Rymour,jrymour2a@typepad.com,Male,150.82.194.76
84,Helen-elizabeth,Liff,hliff2b@netvibes.com,Female,169.34.139.203
85,Zacherie,Klimochkin,zklimochkin2c@i2i.jp,Male,72.172.61.194
86,Rebekah,Shelton,rshelton2d@ca.gov,Female,148.144.99.50
87,Otis,Janman,ojanman2e@google.pl,Male,96.243.122.87
88,Benedikta,Farrow,bfarrow2f@princeton.edu,Female,12.238.8.148
89,Alfi,Emmert,aemmert2g@trellian.com,Female,178.46.105.32
90,Meg,Myles,mmyles2h@google.cn,Genderfluid,173.248.88.88
91,Ruprecht,Sandercock,rsandercock2i@blogs.com,Male,85.131.52.98
92,Hastings,Yeldham,hyeldham2j@unicef.org,Male,46.191.60.114
93,Jilli,Balsillie,jbalsillie2k@smh.com.au,Female,218.202.91.34
94,Cherise,Cast,ccast2l@deliciousdays.com,Female,178.228.173.16
95,Marja,Kenafaque,mkenafaque2m@addtoany.com,Female,160.165.177.235
96,Kathryne,Bracey,kbracey2n@kickstarter.com,Female,133.10.196.86
97,Gilda,Elegood,gelegood2o@addthis.com,Female,81.155.182.181
98,Massimo,Monte,mmonte2p@sciencedirect.com,Agender,55.243.121.252
99,Rufe,Eastwood,reastwood2q@miitbeian.gov.cn,Male,209.21.157.138
100,Grenville,Grogona,ggrogona2r@comsenz.com,Male,243.204.226.219
101,Loella,Roux,lroux2s@ca.gov,Female,14.213.233.2
102,Calli,Lawerence,clawerence2t@vistaprint.com,Female,67.146.85.168
103,Lindon,Jacomb,ljacomb2u@vinaora.com,Polygender,97.172.140.163
104,Tristam,Van Castele,tvancastele2v@chronoengine.com,Male,122.94.138.74
105,Peyter,MacMenamie,pmacmenamie2w@163.com,Male,210.142.125.5
106,Lorelei,McKerrow,lmckerrow2x@google.es,Female,69.234.103.65
107,Fred,Rosle,frosle2y@posterous.com,Male,139.101.150.201
108,Ryun,Prew,rprew2z@smh.com.au,Male,123.16.71.250
109,Denny,Reeks,dreeks30@alexa.com,Agender,224.32.109.38
110,Gerry,O' Molan,gomolan31@google.es,Female,232.218.101.77
111,Bibbye,Nightingale,bnightingale32@mtv.com,Female,108.138.82.102
112,Gael,Wadman,gwadman33@tamu.edu,Female,201.60.96.77
113,Alfredo,Heiss,aheiss34@discuz.net,Male,192.134.191.75
114,Rona,Schimpke,rschimpke35@ft.com,Female,50.44.89.128
115,Colene,Birds,cbirds36@bandcamp.com,Non-binary,159.191.28.59
116,Ailee,Brabyn,abrabyn37@flavors.me,Female,153.35.116.202
117,Oby,Langley,olangley38@shareasale.com,Male,144.161.154.140
118,Karna,Kirkby,kkirkby39@pinterest.com,Polygender,108.109.41.109
119,Killian,Eburah,keburah3a@sitemeter.com,Agender,116.157.71.187
120,Flory,Osbourn,fosbourn3b@nationalgeographic.com,Female,187.39.148.146
121,Margaux,Featherbie,mfeatherbie3c@cbslocal.com,Female,142.248.77.220
122,Seka,O' Mulderrig,somulderrig3d@opera.com,Polygender,251.198.115.223
123,Onfroi,Ebenezer,oebenezer3e@hao123.com,Male,62.224.189.25
124,Skelly,Gyurko,sgyurko3f@home.pl,Male,183.25.208.93
125,Erminia,Llewellen,ellewellen3g@tmall.com,Female,147.55.140.168
126,Algernon,Leaming,aleaming3h@opensource.org,Male,122.103.243.89
127,Raina,Wathan,rwathan3i@spotify.com,Female,163.163.112.138
128,Erwin,Philippson,ephilippson3j@smugmug.com,Male,218.111.107.52
129,Harland,Ryott,hryott3k@free.fr,Male,167.148.229.238
130,Teddi,Wickwar,twickwar3l@arstechnica.com,Female,60.128.209.184
131,Roarke,Boulsher,rboulsher3m@accuweather.com,Male,7.77.1.194
132,Tedra,Fawdrie,tfawdrie3n@homestead.com,Female,153.195.40.82
133,Stearn,Fright,sfright3o@blog.com,Male,109.75.45.75
134,Francene,De Witt,fdewitt3p@wikimedia.org,Female,20.47.78.54
135,Erick,Ridgway,eridgway3q@bigcartel.com,Male,226.172.174.75
136,Piotr,Billows,pbillows3r@oaic.gov.au,Male,251.108.233.193
137,Ilene,Tart,itart3s@bing.com,Female,97.68.77.190
138,Palmer,Simoni,psimoni3t@dmoz.org,Agender,99.141.89.118
139,Gill,Scargle,gscargle3u@ifeng.com,Male,65.85.10.244
140,Giacomo,Flury,gflury3v@etsy.com,Male,115.2.248.127
141,Ajay,Seckington,aseckington3w@zdnet.com,Female,13.184.154.36
142,Adelheid,L'Amie,alamie3x@angelfire.com,Agender,170.100.246.2
143,Sophie,Cossar,scossar3y@naver.com,Female,200.66.36.212
144,Else,Stocken,estocken3z@prlog.org,Female,47.206.94.211
145,Hunter,Gipson,hgipson40@google.it,Male,114.245.60.147
146,Ric,Goodfield,rgoodfield41@google.com.br,Male,184.80.52.94
147,Archibaldo,Arden,aarden42@go.com,Male,122.246.176.245
148,Mayer,O'Fairy,mofairy43@networkadvertising.org,Male,70.14.138.116
149,Rakel,Witchalls,rwitchalls44@paypal.com,Female,170.226.167.246
150,Zea,Napthine,znapthine45@deviantart.com,Polygender,159.85.74.211
151,Merola,Filipchikov,mfilipchikov46@parallels.com,Female,234.195.175.149
152,Yulma,Fuzzens,yfuzzens47@ocn.ne.jp,Male,253.205.121.218
153,Herbie,Webb,hwebb48@histats.com,Male,243.59.182.142
154,Kevan,Turpin,kturpin49@howstuffworks.com,Male,199.149.47.129
155,Peyton,Duke,pduke4a@amazon.de,Male,157.38.171.134
156,Caresse,Perfitt,cperfitt4b@google.it,Female,249.181.218.244
157,Elfrida,Parlott,eparlott4c@dailymotion.com,Genderfluid,125.23.101.16
158,Feodora,Kruszelnicki,fkruszelnicki4d@domainmarket.com,Female,22.10.209.195
159,Myca,Margach,mmargach4e@mtv.com,Male,195.244.182.228
160,Wini,Gallaher,wgallaher4f@state.gov,Female,72.207.120.32
161,Harvey,Vousden,hvousden4g@unblog.fr,Male,121.95.192.25
162,Kacey,Reiling,kreiling4h@seesaa.net,Female,246.113.139.155
163,Gaston,Kleinerman,gkleinerman4i@xinhuanet.com,Male,250.31.239.245
164,Baxter,Fiddiman,bfiddiman4j@wufoo.com,Male,244.109.14.86
165,Madge,Kilmurray,mkilmurray4k@webnode.com,Female,20.125.75.198
166,Gabbie,Joice,gjoice4l@xing.com,Female,18.63.160.190
167,Birch,Butts,bbutts4m@nps.gov,Male,66.254.54.28
168,Odele,Hendrichs,ohendrichs4n@toplist.cz,Female,19.74.4.157
169,Sylas,Arrow,sarrow4o@twitpic.com,Male,94.40.27.242
170,Winne,Chippindale,wchippindale4p@nature.com,Female,132.166.173.33
171,Blinny,Nys,bnys4q@prlog.org,Female,203.206.230.127
172,Christophorus,Bestwall,cbestwall4r@sakura.ne.jp,Male,209.205.208.254
173,Desmund,Viggers,dviggers4s@narod.ru,Male,118.18.99.187
174,Des,Betteridge,dbetteridge4t@dailymail.co.uk,Male,162.173.240.184
175,Stephani,Tolland,stolland4u@imageshack.us,Female,175.248.73.116
176,Micheline,Karadzas,mkaradzas4v@furl.net,Female,238.142.150.84
177,Janene,Epple,jepple4w@newyorker.com,Female,107.104.232.161
178,Finley,Libbe,flibbe4x@printfriendly.com,Male,87.223.234.194
179,Harriette,Mehaffey,hmehaffey4y@cmu.edu,Female,48.185.214.180
180,Wiatt,Jaggs,wjaggs4z@jimdo.com,Male,54.65.239.115
181,Donia,Caldaro,dcaldaro50@cbslocal.com,Female,151.12.14.28
182,Borden,Potteridge,bpotteridge51@vkontakte.ru,Male,25.243.226.141
183,Kennan,Blankhorn,kblankhorn52@thetimes.co.uk,Male,74.161.58.112
184,Harlan,Pexton,hpexton53@github.io,Male,219.211.176.127
185,Wyn,Rollason,wrollason54@ustream.tv,Male,125.252.80.85
186,Pammy,Lawless,plawless55@simplemachines.org,Female,109.143.81.1
187,Ciel,Casine,ccasine56@infoseek.co.jp,Female,20.78.94.240
188,Geordie,Smales,gsmales57@instagram.com,Male,224.50.126.163
189,Hobey,Darrigone,hdarrigone58@altervista.org,Male,55.75.37.226
190,Woodie,Cucinotta,wcucinotta59@paypal.com,Male,139.159.24.227
191,Joana,Robart,jrobart5a@soup.io,Female,87.158.251.189
192,Maribelle,Lascell,mlascell5b@histats.com,Female,45.119.36.235
193,Laney,Comettoi,lcomettoi5c@springer.com,Male,162.240.129.168
194,Ulrikaumeko,Rambaut,urambaut5d@networkadvertising.org,Polygender,21.145.238.99
195,Laryssa,Bartholomieu,lbartholomieu5e@uol.com.br,Genderfluid,9.47.171.5
196,Alta,Varty,avarty5f@newyorker.com,Female,80.109.238.247
197,Bayard,Syseland,bsyseland5g@paypal.com,Male,10.253.134.205
198,Ali,Moylan,amoylan5h@ox.ac.uk,Female,45.97.24.237
199,Ramonda,Wakely,rwakely5i@parallels.com,Female,124.222.247.83
200,Stearn,Larive,slarive5j@craigslist.org,Male,8.29.201.31
201,Kingsly,Ireson,kireson5k@123-reg.co.uk,Male,245.90.156.48
202,Gwendolyn,Howett,ghowett5l@bbb.org,Female,234.80.238.9
203,Rora,Stirzaker,rstirzaker5m@dmoz.org,Female,12.244.235.182
204,Arne,Busse,abusse5n@mit.edu,Male,26.85.103.65
205,Dyana,Hatherell,dhatherell5o@jiathis.com,Female,86.1.86.9
206,Cammie,Fiennes,cfiennes5p@chron.com,Female,195.97.25.118
207,Doy,Fydo,dfydo5q@linkedin.com,Male,130.240.178.37
208,Saraann,Coite,scoite5r@naver.com,Female,227.161.42.46
209,Jimmy,Vynall,jvynall5s@examiner.com,Agender,182.27.80.217
210,Lawton,Raddan,lraddan5t@cornell.edu,Male,192.36.6.21
211,Ketty,Darnbrough,kdarnbrough5u@ycombinator.com,Female,114.96.2.56
212,Pippa,Bruyntjes,pbruyntjes5v@networkadvertising.org,Female,2.166.84.34
213,Adele,Grunwall,agrunwall5w@desdev.cn,Bigender,176.127.48.204
214,Mora,Slayton,mslayton5x@domainmarket.com,Female,157.171.14.88
215,Lonnard,Conybear,lconybear5y@howstuffworks.com,Bigender,172.143.52.255
216,Kristofor,Burge,kburge5z@mapy.cz,Male,11.212.162.41
217,Vitoria,Castledine,vcastledine60@walmart.com,Female,219.185.73.33
218,Kirby,Artz,kartz61@prweb.com,Male,66.30.110.149
219,Derron,Slorance,dslorance62@mayoclinic.com,Genderqueer,61.231.209.173
220,Ruthy,Paull,rpaull63@google.com.au,Female,18.12.225.131
221,Antons,Newham,anewham64@ox.ac.uk,Male,221.100.123.225
222,Lemmy,Low,llow65@ebay.co.uk,Male,141.27.231.126
223,Rosco,McKim,rmckim66@wordpress.com,Male,205.71.88.154
224,Jarrid,Bestar,jbestar67@taobao.com,Male,130.137.124.96
225,Margret,Verry,mverry68@howstuffworks.com,Female,24.57.96.50
226,Sharia,Groocock,sgroocock69@wikipedia.org,Non-binary,130.242.224.143
227,Bryna,Parchment,bparchment6a@privacy.gov.au,Female,131.32.187.212
228,Hirsch,Bumpas,hbumpas6b@hubpages.com,Male,146.67.20.28
229,Theodoric,Steane,tsteane6c@about.me,Male,150.242.201.13
230,Lesley,Govier,lgovier6d@foxnews.com,Female,172.224.93.116
231,Dean,Dole,ddole6e@blogspot.com,Male,151.183.20.46
232,Letti,Andretti,landretti6f@xinhuanet.com,Female,243.148.21.142
233,Joella,Saill,jsaill6g@epa.gov,Female,103.57.71.52
234,Byrann,Trimby,btrimby6h@slideshare.net,Male,181.49.163.35
235,Devan,Mangeon,dmangeon6i@printfriendly.com,Female,39.203.160.200
236,Jolyn,Vaneev,jvaneev6j@gravatar.com,Female,179.221.67.118
237,Dido,Godfree,dgodfree6k@hud.gov,Female,198.194.227.111
238,Isac,Yare,iyare6l@google.it,Male,15.103.164.253
239,Rocky,Cuthbertson,rcuthbertson6m@census.gov,Male,39.47.200.72
240,Reese,Donkersley,rdonkersley6n@tinyurl.com,Male,29.179.31.88
241,Lee,Rougier,lrougier6o@google.com.au,Female,205.222.179.200
242,Any,Jorn,ajorn6p@tiny.cc,Bigender,164.27.69.41
243,Ki,Godsal,kgodsal6q@harvard.edu,Female,251.202.11.27
244,Maura,Bullivent,mbullivent6r@usatoday.com,Female,71.141.137.191
245,Farrah,Claypoole,fclaypoole6s@yellowbook.com,Female,85.15.149.5
246,Renaud,Mateos,rmateos6t@squidoo.com,Male,201.56.105.2
247,Chico,Ekins,cekins6u@nature.com,Male,13.13.116.146
248,Amalee,Riche,ariche6v@yelp.com,Female,99.230.212.227
249,Ogdon,Creese,ocreese6w@deliciousdays.com,Agender,213.30.248.121
250,Ragnar,Derks,rderks6x@flavors.me,Male,153.216.84.236
251,Merrily,Romme,mromme6y@mayoclinic.com,Female,65.227.165.9
252,Erl,Feldfisher,efeldfisher6z@cargocollective.com,Male,100.46.229.164
253,Josefina,Heindle,jheindle70@shutterfly.com,Female,125.219.68.70
254,Fredrick,Raincin,fraincin71@cafepress.com,Male,210.17.54.140
255,Jeromy,Godley,jgodley72@hostgator.com,Male,198.250.224.214
256,Davita,Kiely,dkiely73@ovh.net,Female,229.230.238.33
257,Shermy,Crumbleholme,scrumbleholme74@gov.uk,Male,51.112.183.100
258,Joni,Whettleton,jwhettleton75@yelp.com,Female,110.158.196.121
259,Holt,Skiggs,hskiggs76@go.com,Male,5.167.227.182
260,Justinian,Arkill,jarkill77@bbb.org,Male,8.121.87.74
261,Janina,Gordon-Giles,jgordongiles78@cnbc.com,Female,29.29.2.153
262,Freddie,Cloute,fcloute79@freewebs.com,Male,237.77.197.250
263,Sigfried,Robben,srobben7a@flavors.me,Male,4.225.82.25
264,Raynard,Issacof,rissacof7b@java.com,Male,242.1.104.47
265,Howard,Canfer,hcanfer7c@prlog.org,Male,175.81.119.16
266,Trstram,Beaman,tbeaman7d@mashable.com,Male,121.180.251.248
267,Franciskus,Fullerd,ffullerd7e@jalbum.net,Male,32.130.156.164
268,Archer,Titterton,atitterton7f@yahoo.com,Male,110.62.226.41
269,Dominic,Torra,dtorra7g@163.com,Male,144.169.115.208
270,Kathe,Gotts,kgotts7h@redcross.org,Female,171.169.190.100
271,Bev,Tallon,btallon7i@nyu.edu,Female,151.5.116.96
272,Gerry,Kensy,gkensy7j@chicagotribune.com,Female,171.84.44.240
273,Letty,Lorain,llorain7k@photobucket.com,Female,86.218.169.127
274,Sancho,Asling,sasling7l@mediafire.com,Male,145.62.252.158
275,Kaycee,Winchurst,kwinchurst7m@netscape.com,Female,23.196.109.201
276,Eadmund,Hoyt,ehoyt7n@usatoday.com,Male,77.74.61.184
277,Pace,Plitz,pplitz7o@skyrock.com,Male,188.6.247.255
278,Bernadette,Marvelley,bmarvelley7p@sourceforge.net,Female,203.104.116.212
279,Tedra,Soro,tsoro7q@techcrunch.com,Female,86.227.46.53
280,Tan,Vannar,tvannar7r@example.com,Male,174.243.141.55
281,Damaris,Fadden,dfadden7s@wikia.com,Female,99.134.94.122
282,Ilario,Gyngyll,igyngyll7t@mozilla.com,Male,143.33.24.161
283,Simonette,Padden,spadden7u@mayoclinic.com,Female,255.58.92.16
284,Stephanus,Paice,spaice7v@dmoz.org,Male,39.146.14.253
285,Blanche,Insko,binsko7w@engadget.com,Female,76.24.185.188
286,Hamlin,Checci,hchecci7x@epa.gov,Bigender,160.106.161.82
287,Chalmers,Traher,ctraher7y@msu.edu,Polygender,71.78.41.86
288,Kania,Wedlake,kwedlake7z@slideshare.net,Female,192.26.44.131
289,Murray,Sieur,msieur80@themeforest.net,Male,212.110.148.59
290,Mitchell,Olphert,molphert81@vimeo.com,Male,98.184.161.83
291,Earlie,Puddicombe,epuddicombe82@loc.gov,Male,184.109.173.39
292,Naomi,O'Hollegan,nohollegan83@oaic.gov.au,Female,39.179.181.147
293,Dru,Medlicott,dmedlicott84@liveinternet.ru,Male,116.247.129.240
294,Tamera,Huggan,thuggan85@mlb.com,Female,163.226.212.114
295,Bekki,Matherson,bmatherson86@pen.io,Female,93.21.222.61
296,Heather,Laugier,hlaugier87@imgur.com,Female,66.127.199.31
297,Salvador,Stredwick,sstredwick88@tiny.cc,Male,224.9.183.62
298,Joscelin,Adolf,jadolf89@ezinearticles.com,Female,57.180.104.39
299,Audra,Basson,abasson8a@hud.gov,Non-binary,129.53.80.32
300,Fabio,Wapplington,fwapplington8b@harvard.edu,Polygender,101.106.56.87
301,Jimmie,Carreyette,jcarreyette8c@a8.net,Male,182.234.133.34
302,Chery,Dimnage,cdimnage8d@walmart.com,Female,212.174.220.154
303,Corie,Philpotts,cphilpotts8e@yandex.ru,Female,75.122.34.61
304,Carma,Flett,cflett8f@scientificamerican.com,Female,186.207.132.158
305,Harp,Bester,hbester8g@sourceforge.net,Male,165.212.205.115
306,Rainer,Goghin,rgoghin8h@storify.com,Male,104.14.152.86
307,Amargo,Clilverd,aclilverd8i@wisc.edu,Female,103.88.207.109
308,Loren,MacCourt,lmaccourt8j@sfgate.com,Male,117.238.153.2
309,Jerrylee,Egre,jegre8k@naver.com,Female,102.41.183.247
310,Salomi,Booton,sbooton8l@diigo.com,Female,130.118.151.253
311,Bernardo,Stoddart,bstoddart8m@ameblo.jp,Male,174.218.41.165
312,Stanley,Eustanch,seustanch8n@apple.com,Male,74.245.85.105
313,Chelsea,Hellier,chellier8o@telegraph.co.uk,Female,207.64.231.15
314,Christiane,Ottosen,cottosen8p@youku.com,Female,165.9.184.168
315,Farleigh,Oxshott,foxshott8q@usda.gov,Male,82.167.40.152
316,Lorettalorna,Pinckney,lpinckney8r@sitemeter.com,Female,80.207.77.185
317,Jean,Broadbury,jbroadbury8s@chicagotribune.com,Female,222.205.179.76
318,Revkah,Swanne,rswanne8t@hibu.com,Female,147.243.17.129
319,Hashim,Furmage,hfurmage8u@netlog.com,Male,104.117.24.124
320,Berry,Kilsby,bkilsby8v@bluehost.com,Genderfluid,221.150.151.135
321,Chance,Francklyn,cfrancklyn8w@whitehouse.gov,Male,229.249.109.4
322,Zared,Sieghart,zsieghart8x@google.de,Male,166.215.240.236
323,Garwood,Dixie,gdixie8y@phpbb.com,Male,99.170.146.168
324,Lanette,Polamontayne,lpolamontayne8z@ameblo.jp,Female,228.193.64.173
325,Cozmo,Marton,cmarton90@statcounter.com,Male,12.238.231.54
326,Barbabra,Rowen,browen91@blogs.com,Female,222.209.18.208
327,Alfi,Moger,amoger92@arstechnica.com,Female,248.202.222.212
328,Annabella,Noar,anoar93@multiply.com,Female,150.127.69.122
329,Cordelie,Jewer,cjewer94@cisco.com,Female,224.182.142.203
330,Devonna,Cockerham,dcockerham95@wp.com,Agender,184.41.19.47
331,Perice,Jarrett,pjarrett96@live.com,Male,53.212.156.79
332,Tomaso,Frake,tfrake97@who.int,Male,18.0.125.190
333,Jay,Stanger,jstanger98@lulu.com,Male,56.210.105.210
334,Dorothea,Hanham,dhanham99@google.com.au,Female,51.166.187.55
335,Fielding,Cooke,fcooke9a@lycos.com,Male,2.18.56.102
336,Hilda,Andree,handree9b@nymag.com,Female,208.26.86.208
337,Frederico,Halewood,fhalewood9c@ucoz.ru,Male,243.100.75.251
338,Constantine,McGlashan,cmcglashan9d@g.co,Female,76.94.84.23
339,Thibaud,Dalliwatr,tdalliwatr9e@fc2.com,Male,204.157.240.174
340,Heida,Geraudy,hgeraudy9f@yolasite.com,Female,10.184.208.15
341,Minnie,Gilding,mgilding9g@oaic.gov.au,Agender,135.237.14.254
342,Renaldo,Cottisford,rcottisford9h@about.me,Male,111.52.213.3
343,Franny,Izatson,fizatson9i@toplist.cz,Female,83.234.68.167
344,Christian,Cashford,ccashford9j@wisc.edu,Male,170.77.227.200
345,Valdemar,McGeachie,vmcgeachie9k@vimeo.com,Male,154.203.56.165
346,Sandi,Crowhurst,scrowhurst9l@ibm.com,Female,232.162.48.34
347,Karylin,Bewicke,kbewicke9m@tumblr.com,Female,139.195.169.179
348,Ilaire,Parsons,iparsons9n@cnn.com,Male,77.13.91.174
349,Lusa,Heppenspall,lheppenspall9o@mashable.com,Female,21.220.43.75
350,Ailsun,Antonucci,aantonucci9p@samsung.com,Female,187.6.0.12
351,Arny,Coweuppe,acoweuppe9q@people.com.cn,Male,97.213.92.44
352,Sissie,Gill,sgill9r@infoseek.co.jp,Female,236.85.243.111
353,Clarie,Pyrke,cpyrke9s@ehow.com,Female,197.214.82.10
354,Corabelle,Cabrera,ccabrera9t@goo.gl,Female,220.221.245.104
355,Peter,Naish,pnaish9u@nps.gov,Male,26.248.130.142
356,Chanda,Yackiminie,cyackiminie9v@istockphoto.com,Female,56.97.101.107
357,Gabriele,Banaszewski,gbanaszewski9w@patch.com,Male,219.199.241.56
358,Jessalyn,Lamcken,jlamcken9x@tinypic.com,Female,235.162.58.112
359,Diana,Cannings,dcannings9y@addthis.com,Female,185.197.5.111
360,Stillmann,Torresi,storresi9z@squarespace.com,Male,197.226.132.169
361,Bert,Stetlye,bstetlyea0@biglobe.ne.jp,Female,75.35.50.165
362,Wenonah,Leonardi,wleonardia1@gmpg.org,Genderqueer,40.70.143.219
363,Eduard,Pitcher,epitchera2@123-reg.co.uk,Male,146.253.176.23
364,Beverly,Prettjohn,bprettjohna3@e-recht24.de,Female,162.110.77.50
365,Erl,Dyte,edytea4@cbc.ca,Male,238.173.149.30
366,Celie,Threadkell,cthreadkella5@indiatimes.com,Female,2.112.233.24
367,Redford,Pendergrast,rpendergrasta6@github.io,Male,149.247.39.239
368,Leopold,Slater,lslatera7@boston.com,Male,85.158.188.230
369,Reynold,Cuddihy,rcuddihya8@about.me,Male,52.46.249.78
370,Eyde,Hrinishin,ehrinishina9@latimes.com,Female,156.220.92.68
371,Margaretha,Wisedale,mwisedaleaa@nytimes.com,Female,165.195.245.152
372,Marita,Boothman,mboothmanab@hugedomains.com,Female,161.142.233.97
373,Gilly,Mobius,gmobiusac@skyrock.com,Female,83.77.120.63
374,Beltran,Monan,bmonanad@chicagotribune.com,Male,244.238.39.207
375,Dixie,Tow,dtowae@sbwire.com,Female,176.237.125.164
376,Juanita,McGibbon,jmcgibbonaf@blogspot.com,Female,128.13.233.255
377,Loy,Proudman,lproudmanag@parallels.com,Genderqueer,169.87.169.151
378,Michale,McMackin,mmcmackinah@ycombinator.com,Male,196.170.235.230
379,Dell,Geeraert,dgeeraertai@noaa.gov,Polygender,213.150.234.84
380,Adrea,Deble,adebleaj@vk.com,Female,120.122.82.6
381,Joelie,Rosenthal,jrosenthalak@macromedia.com,Female,184.33.204.157
382,Morse,Morley,mmorleyal@princeton.edu,Male,6.199.96.96
383,Joanna,Eynald,jeynaldam@blog.com,Female,205.216.193.93
384,Brenn,Edgson,bedgsonan@sbwire.com,Female,70.85.110.130
385,Oberon,Serraillier,oserraillierao@cbslocal.com,Male,237.39.218.178
386,Halsy,Stayte,hstayteap@google.com.br,Male,42.36.68.4
387,Corbet,Lally,clallyaq@google.cn,Male,230.75.182.74
388,Bekki,Mazin,bmazinar@geocities.jp,Female,117.20.205.32
389,Amber,MacMurray,amacmurrayas@cmu.edu,Female,122.215.148.49
390,Felicity,Longhirst,flonghirstat@yale.edu,Bigender,138.40.134.65
391,Salvatore,Rothert,srothertau@pinterest.com,Male,233.216.112.46
392,Kleon,Altimas,kaltimasav@nationalgeographic.com,Male,187.36.219.62
393,Layton,Hardesty,lhardestyaw@umn.edu,Male,201.237.55.127
394,Currie,Brantzen,cbrantzenax@pagesperso-orange.fr,Male,166.180.246.138
395,Rayner,McMurraya,rmcmurrayaay@dyndns.org,Male,208.210.106.29
396,Waldemar,Seager,wseageraz@mediafire.com,Male,70.49.254.45
397,Leigh,Lay,llayb0@apache.org,Female,230.115.138.80
398,Aloysia,Labet,alabetb1@accuweather.com,Female,164.99.85.80
399,Rivalee,Syson,rsysonb2@sbwire.com,Female,174.164.171.95
400,Robby,McIvor,rmcivorb3@sogou.com,Male,81.197.233.22
401,Veriee,Schuler,vschulerb4@miitbeian.gov.cn,Female,148.162.187.142
402,Hendrik,Gravells,hgravellsb5@prnewswire.com,Male,74.225.137.76
403,Joni,Guirau,jguiraub6@harvard.edu,Polygender,72.81.183.69
404,Jedidiah,Etteridge,jetteridgeb7@google.cn,Male,125.169.175.253
405,Dulcia,Van der Daal,dvanderdaalb8@marriott.com,Female,182.164.244.208
406,Kristos,Plant,kplantb9@alexa.com,Male,105.255.25.85
407,Mikol,Corday,mcordayba@ameblo.jp,Male,132.99.211.78
408,Ilaire,Fishbourne,ifishbournebb@pagesperso-orange.fr,Male,166.221.172.96
409,Saunders,Josland,sjoslandbc@theglobeandmail.com,Male,85.70.49.42
410,Chelsy,Fitchett,cfitchettbd@exblog.jp,Female,16.181.105.111
411,Jonah,Jiroutek,jjiroutekbe@wp.com,Male,10.195.125.124
412,Ivett,Ollander,iollanderbf@techcrunch.com,Female,119.195.163.240
413,Crawford,Cochet,ccochetbg@macromedia.com,Male,11.114.239.115
414,Sly,Basham,sbashambh@eventbrite.com,Male,119.148.240.252
415,Pascal,Torel,ptorelbi@vimeo.com,Male,239.88.154.68
416,Florida,Hansard,fhansardbj@aol.com,Female,217.62.206.189
417,Farlay,Leggat,fleggatbk@etsy.com,Male,204.146.179.158
418,Brucie,Bernardes,bbernardesbl@usda.gov,Male,188.55.26.232
419,Bernette,Kirsz,bkirszbm@reddit.com,Female,116.213.34.26
420,Rayna,Angier,rangierbn@utexas.edu,Female,135.132.55.238
421,Shay,Drakes,sdrakesbo@sciencedaily.com,Male,117.244.121.158
422,Bette,Sydes,bsydesbp@nsw.gov.au,Female,140.122.45.186
423,Raynell,Burkill,rburkillbq@chronoengine.com,Female,36.107.119.216
424,Mirabella,Smyth,msmythbr@tmall.com,Female,121.19.202.97
425,Mireielle,Abson,mabsonbs@opera.com,Female,225.12.157.140
426,Cicily,Brew,cbrewbt@sitemeter.com,Female,30.243.6.76
427,Valdemar,Folbige,vfolbigebu@amazon.com,Male,142.244.138.217
428,Pippy,Antonognoli,pantonognolibv@stumbleupon.com,Female,221.227.150.58
429,Vin,Charsley,vcharsleybw@tinypic.com,Non-binary,90.6.222.70
430,Vanessa,Featherstonhalgh,vfeatherstonhalghbx@seattletimes.com,Female,147.44.12.55
431,Iseabal,Normanvell,inormanvellby@mayoclinic.com,Bigender,151.43.36.4
432,Robbi,Farnfield,rfarnfieldbz@bandcamp.com,Female,234.49.36.223
433,Oran,Majury,omajuryc0@illinois.edu,Male,8.123.6.140
434,Joby,Gindghill,jgindghillc1@cloudflare.com,Polygender,78.64.45.171
435,Petra,Mongain,pmongainc2@joomla.org,Female,35.3.58.220
436,Allie,Aleksashin,aaleksashinc3@blinklist.com,Female,52.4.127.178
437,Viviyan,Kuhnel,vkuhnelc4@cnet.com,Female,135.188.31.95
438,Marcille,Deeley,mdeeleyc5@nps.gov,Female,125.230.56.196
439,Cissy,Chalcraft,cchalcraftc6@sun.com,Female,226.246.45.151
440,Kettie,Graber,kgraberc7@scribd.com,Female,221.42.162.117
441,Kile,Diplock,kdiplockc8@lulu.com,Male,95.129.216.166
442,Andris,Sprey,aspreyc9@over-blog.com,Non-binary,70.251.44.8
443,Amalita,Matschuk,amatschukca@list-manage.com,Female,145.85.158.88
444,Tally,Emlyn,temlyncb@twitter.com,Male,254.76.43.108
445,Albert,Revett,arevettcc@miitbeian.gov.cn,Male,160.97.182.247
446,Valry,Mozzi,vmozzicd@tinypic.com,Female,34.190.97.76
447,Devondra,Shoute,dshoutece@huffingtonpost.com,Female,253.205.58.71
448,Jillayne,Cayle,jcaylecf@indiatimes.com,Polygender,24.170.137.206
449,Brigit,Sones,bsonescg@hud.gov,Female,16.175.241.40
450,Phelia,Bothe,pbothech@amazonaws.com,Female,245.43.252.50
451,Elliot,Dukesbury,edukesburyci@cyberchimps.com,Male,13.104.41.246
452,Benedict,Shermar,bshermarcj@hexun.com,Male,255.79.198.15
453,Robin,Bitten,rbittenck@youtu.be,Male,163.83.7.34
454,Fabio,Lyptrade,flyptradecl@sun.com,Male,231.113.173.175
455,Francois,Dahlen,fdahlencm@oaic.gov.au,Male,166.105.86.253
456,Quinn,Greatrex,qgreatrexcn@icio.us,Male,185.236.196.217
457,Jake,Shovelin,jshovelinco@ucoz.ru,Male,46.20.173.199
458,Danella,Brundrett,dbrundrettcp@go.com,Female,149.22.45.39
459,Jeannette,Gane,jganecq@ifeng.com,Female,35.247.102.244
460,Michele,Perl,mperlcr@cpanel.net,Female,239.215.97.241
461,Estevan,Driver,edrivercs@cafepress.com,Male,141.113.12.156
462,Chaunce,Wiggett,cwiggettct@deliciousdays.com,Male,65.123.152.59
463,Durant,Kibard,dkibardcu@dailymail.co.uk,Male,181.82.214.57
464,Errol,Denyukin,edenyukincv@wsj.com,Male,186.233.24.231
465,Mada,Thiese,mthiesecw@mozilla.org,Female,179.164.18.172
466,Gaston,Chettle,gchettlecx@fotki.com,Male,152.183.159.140
467,Bryanty,Skoughman,bskoughmancy@amazon.com,Male,144.71.228.189
468,Elfie,Geram,egeramcz@furl.net,Female,113.254.185.207
469,Lion,Boler,lbolerd0@wufoo.com,Male,244.118.33.43
470,Georgetta,Hillum,ghillumd1@cnn.com,Genderfluid,138.133.58.93
471,Carolan,Makinson,cmakinsond2@icio.us,Female,248.227.117.105
472,Jacenta,Ahearne,jahearned3@wordpress.org,Female,73.93.218.242
473,Reinhard,Crace,rcraced4@bbb.org,Genderqueer,157.156.78.147
474,Ari,Fergyson,afergysond5@fotki.com,Male,2.72.138.101
475,Turner,Marwick,tmarwickd6@phpbb.com,Male,18.159.166.192
476,Erminia,Djokovic,edjokovicd7@zdnet.com,Female,234.98.145.170
477,Roseline,Palomba,rpalombad8@woothemes.com,Female,212.101.159.47
478,Hercule,Lethbridge,hlethbridged9@wired.com,Male,167.40.79.66
479,Othilie,Habert,ohabertda@fastcompany.com,Female,227.163.118.98
480,Fanchon,Cant,fcantdb@linkedin.com,Female,198.137.66.15
481,Svend,Goldin,sgoldindc@foxnews.com,Male,186.214.224.245
482,Bran,Glazebrook,bglazebrookdd@yellowpages.com,Male,125.79.237.107
483,Roseline,Ettery,retteryde@topsy.com,Bigender,198.49.103.189
484,Kevyn,Heball,kheballdf@amazon.co.uk,Female,34.9.120.154
485,Vinita,Volette,vvolettedg@patch.com,Female,209.221.31.41
486,Cacilia,Kindon,ckindondh@who.int,Female,226.126.44.89
487,Wendie,Verrill,wverrilldi@privacy.gov.au,Female,176.181.76.59
488,Daffie,Featherston,dfeatherstondj@amazon.de,Female,81.237.136.244
489,Mellisa,Glacken,mglackendk@bravesites.com,Female,111.27.178.137
490,Gayel,Bettleson,gbettlesondl@squarespace.com,Female,85.215.245.145
491,Peggie,Balasin,pbalasindm@ehow.com,Female,79.19.103.252
492,Wallas,Pettiward,wpettiwarddn@mashable.com,Male,116.22.136.255
493,Melonie,Kelcey,mkelceydo@homestead.com,Female,66.83.174.125
494,Raymond,Beyne,rbeynedp@jalbum.net,Male,27.80.117.255
495,Somerset,Persicke,spersickedq@columbia.edu,Male,144.212.145.221
496,Franz,Tarbatt,ftarbattdr@liveinternet.ru,Non-binary,13.207.249.157
497,Kerk,Kanwell,kkanwellds@blinklist.com,Male,59.45.116.177
498,Cherlyn,Hars,charsdt@mail.ru,Female,100.148.222.162
499,Sasha,Keynes,skeynesdu@wunderground.com,Female,32.27.176.223
500,Roxane,Matchell,rmatchelldv@virginia.edu,Female,32.62.208.155
501,Clarie,Leavry,cleavrydw@histats.com,Female,156.202.235.224
502,Rodi,Erlam,rerlamdx@army.mil,Female,179.143.250.92
503,Elston,Baudts,ebaudtsdy@ox.ac.uk,Male,63.178.96.74
504,Desiri,Roon,droondz@alibaba.com,Female,121.205.97.249
505,Shirlene,Dedman,sdedmane0@drupal.org,Female,132.187.181.128
506,Eugenia,Gilham,egilhame1@cnn.com,Female,221.79.108.152
507,Emlynn,O'Finan,eofinane2@macromedia.com,Female,110.38.57.78
508,Willis,Hegdonne,whegdonnee3@aol.com,Male,22.17.187.234
509,Letti,Thake,lthakee4@ycombinator.com,Female,200.20.111.61
510,Cayla,Whistance,cwhistancee5@imdb.com,Female,99.67.45.36
511,Leslie,Seignior,lseigniore6@t-online.de,Female,52.73.16.122
512,Laurel,Abendroth,labendrothe7@slate.com,Agender,104.177.19.143
513,Caye,Dumbreck,cdumbrecke8@apple.com,Female,106.71.191.202
514,Kevin,Snazel,ksnazele9@seesaa.net,Male,29.215.198.14
515,Shay,Wilkins,swilkinsea@scribd.com,Female,94.174.35.28
516,Frederich,Kemwal,fkemwaleb@sina.com.cn,Male,202.11.208.150
517,Jilli,Skryne,jskryneec@biglobe.ne.jp,Female,29.197.52.124
518,Eda,Manuely,emanuelyed@booking.com,Female,133.13.94.101
519,Dorice,Bousquet,dbousquetee@epa.gov,Genderqueer,152.157.253.189
520,Clemens,York,cyorkef@ucoz.ru,Male,81.226.98.13
521,Rivalee,Cadreman,rcadremaneg@edublogs.org,Female,216.53.3.107
522,Skye,Furmagier,sfurmagiereh@vimeo.com,Male,151.156.23.68
523,Ripley,Boag,rboagei@nytimes.com,Male,47.79.132.71
524,Kassie,Cottisford,kcottisfordej@privacy.gov.au,Female,106.61.182.84
525,Malorie,Obal,mobalek@360.cn,Female,205.143.143.162
526,Willa,Branca,wbrancael@ihg.com,Female,117.190.82.37
527,Chiquia,Power,cpowerem@pbs.org,Female,123.101.177.186
528,Jeth,Yanshinov,jyanshinoven@tripod.com,Male,71.85.237.24
529,Nickolaus,Brech,nbrecheo@japanpost.jp,Male,194.53.116.143
530,Marlane,Happs,mhappsep@blogs.com,Female,253.48.135.211
531,Thorndike,Dell Casa,tdellcasaeq@instagram.com,Male,144.111.210.181
532,Ethelin,McGlone,emcgloneer@furl.net,Female,100.3.142.83
533,Ludovika,Shearmer,lshearmeres@ted.com,Female,111.119.82.64
534,Brocky,Tye,btyeet@pinterest.com,Male,191.131.20.199
535,Bartie,Zanolli,bzanollieu@com.com,Male,187.32.122.155
536,Abdel,Dinesen,adinesenev@soup.io,Male,28.204.109.52
537,Ofella,Lochhead,olochheadew@elegantthemes.com,Female,250.69.12.128
538,Pattin,Hoggan,phogganex@e-recht24.de,Male,212.236.88.9
539,Violetta,McClurg,vmcclurgey@xinhuanet.com,Female,233.53.98.80
540,Kurt,Ackland,kacklandez@army.mil,Male,187.72.71.162
541,Joel,Varnals,jvarnalsf0@umn.edu,Male,27.65.124.96
542,Darryl,Drohan,ddrohanf1@sina.com.cn,Male,110.197.171.11
543,Charlean,Durker,cdurkerf2@guardian.co.uk,Female,2.36.236.12
544,Isidora,Aicheson,iaichesonf3@fc2.com,Female,154.51.195.132
545,Conrade,Meir,cmeirf4@github.com,Male,12.128.50.200
546,Bran,Kirmond,bkirmondf5@craigslist.org,Male,134.12.60.236
547,Torrie,Tunno,ttunnof6@csmonitor.com,Female,208.4.54.23
548,Jake,Castelli,jcastellif7@scientificamerican.com,Male,253.247.223.237
549,Joaquin,Stothert,jstothertf8@yale.edu,Male,54.237.28.70
550,Reynolds,Tickner,rticknerf9@goo.gl,Male,38.59.103.189
551,Loralie,Blatherwick,lblatherwickfa@answers.com,Female,99.159.99.198
552,Darell,Carl,dcarlfb@mayoclinic.com,Genderfluid,157.218.68.137
553,Vance,Gansbuhler,vgansbuhlerfc@usa.gov,Male,241.235.31.157
554,Andy,Durant,adurantfd@chronoengine.com,Male,191.170.221.5
555,Ramonda,Tincombe,rtincombefe@joomla.org,Genderqueer,99.242.79.194
556,Doralynne,Semeradova,dsemeradovaff@themeforest.net,Female,184.254.144.172
557,Cad,Ayce,caycefg@slideshare.net,Male,40.98.197.68
558,Gerome,O' Sullivan,gosullivanfh@businessweek.com,Male,26.163.226.232
559,Ernaline,Dockray,edockrayfi@mlb.com,Female,250.25.22.202
560,Michaella,Elsbury,melsburyfj@themeforest.net,Female,195.119.171.83
561,Freda,Barwood,fbarwoodfk@bbb.org,Polygender,25.2.133.82
562,Maryanna,Innot,minnotfl@yahoo.com,Female,123.143.147.231
563,Velma,Gettins,vgettinsfm@tiny.cc,Female,155.111.76.170
564,Bryon,Comerford,bcomerfordfn@tinyurl.com,Male,126.40.166.77
565,Barth,Blaine,bblainefo@mit.edu,Genderfluid,119.47.25.27
566,Roarke,Webermann,rwebermannfp@hc360.com,Male,90.238.69.40
567,Arabella,Mitchley,amitchleyfq@theguardian.com,Female,193.203.10.41
568,Koo,Aburrow,kaburrowfr@diigo.com,Female,7.184.23.12
569,Edgard,Merrett,emerrettfs@w3.org,Male,58.181.98.20
570,Rolph,Carayol,rcarayolft@domainmarket.com,Male,97.147.67.242
571,Windham,Herrema,wherremafu@soup.io,Male,210.208.136.107
572,Guenevere,Sheivels,gsheivelsfv@ocn.ne.jp,Female,178.68.188.180
573,Tresa,Wadforth,twadforthfw@google.de,Agender,210.148.2.82
574,Wolfie,Angeau,wangeaufx@forbes.com,Male,133.61.47.47
575,Jamima,Corkill,jcorkillfy@sakura.ne.jp,Bigender,8.124.128.53
576,Justinn,Dennick,jdennickfz@1688.com,Female,77.231.115.31
577,Philippine,Bader,pbaderg0@360.cn,Female,101.75.198.67
578,Nev,Mattiacci,nmattiaccig1@cdc.gov,Male,150.55.251.178
579,Lonnie,Gaddesby,lgaddesbyg2@techcrunch.com,Female,7.118.42.94
580,Talbert,Elsie,telsieg3@yelp.com,Male,90.89.76.88
581,Jewelle,Robathon,jrobathong4@google.com.br,Female,225.62.56.245
582,Jameson,Sweetland,jsweetlandg5@g.co,Male,84.171.132.194
583,Gayler,Warburton,gwarburtong6@ucsd.edu,Male,138.179.170.208
584,Sherwood,Lawie,slawieg7@upenn.edu,Male,231.213.209.115
585,Peyton,Barke,pbarkeg8@dell.com,Male,31.19.62.209
586,Thedrick,Mennell,tmennellg9@apple.com,Male,143.100.1.56
587,Vinita,Towell,vtowellga@tripadvisor.com,Agender,139.146.192.255
588,Sol,Okenden,sokendengb@guardian.co.uk,Male,254.21.53.33
589,Nessi,Kebbell,nkebbellgc@surveymonkey.com,Genderfluid,5.128.122.52
590,Emylee,Suff,esuffgd@skype.com,Agender,37.136.85.242
591,Dani,Ventura,dventurage@biglobe.ne.jp,Female,176.221.71.67
592,Barbey,Cotman,bcotmangf@intel.com,Female,75.75.59.106
593,Ardis,Skillen,askillengg@house.gov,Genderqueer,73.220.81.168
594,Rafael,Sinnocke,rsinnockegh@clickbank.net,Polygender,178.12.86.249
595,Bertha,Leverage,bleveragegi@tamu.edu,Female,47.96.227.70
596,Agna,Moro,amorogj@baidu.com,Bigender,150.196.26.49
597,Alva,Branscomb,abranscombgk@washingtonpost.com,Male,76.0.43.82
598,Rowe,Biesty,rbiestygl@ehow.com,Female,10.150.67.104
599,Bail,Kohrs,bkohrsgm@google.es,Male,122.167.197.120
600,Selma,Darko,sdarkogn@constantcontact.com,Female,138.165.207.123
601,Nicolis,Ironmonger,nironmongergo@blogtalkradio.com,Male,52.235.159.107
602,Euell,Strelitzki,estrelitzkigp@macromedia.com,Genderqueer,80.23.174.138
603,Linda,Hinstock,lhinstockgq@answers.com,Female,202.183.76.92
604,Neville,Petofi,npetofigr@unblog.fr,Male,111.33.33.86
605,Dinnie,Grenkov,dgrenkovgs@sina.com.cn,Female,134.12.193.22
606,Layney,Cluney,lcluneygt@ezinearticles.com,Female,113.5.56.192
607,Wayne,Chazelas,wchazelasgu@nsw.gov.au,Male,62.130.16.251
608,Bruno,Levesque,blevesquegv@biglobe.ne.jp,Male,147.74.124.30
609,Hayden,Waterworth,hwaterworthgw@reddit.com,Polygender,191.243.60.217
610,Elenore,Cleland,eclelandgx@360.cn,Genderfluid,102.122.213.29
611,Antonin,Wyldbore,awyldboregy@wiley.com,Male,203.252.245.232
612,Carolina,Gioan,cgioangz@sitemeter.com,Female,119.200.106.230
613,Carolina,Coverley,ccoverleyh0@indiegogo.com,Female,42.217.232.234
614,Gearard,MacGillacolm,gmacgillacolmh1@fastcompany.com,Male,154.10.183.30
615,Veriee,Coakley,vcoakleyh2@blogspot.com,Female,52.51.55.62
616,Tawnya,Bernardot,tbernardoth3@t-online.de,Female,241.137.56.29
617,Huntley,Scamaden,hscamadenh4@unesco.org,Male,49.247.156.245
618,Zachariah,Haynes,zhaynesh5@google.co.uk,Male,80.12.96.23
619,Ole,Mastrantone,omastrantoneh6@boston.com,Male,177.146.228.100
620,Artemus,Karoly,akarolyh7@mtv.com,Male,111.35.165.19
621,Stephenie,Hofner,shofnerh8@wired.com,Female,107.196.49.119
622,Ingar,Jasiak,ijasiakh9@odnoklassniki.ru,Male,57.187.75.142
623,Rubi,Kepe,rkepeha@mozilla.org,Female,187.19.25.94
624,Job,Salmons,jsalmonshb@youtu.be,Male,162.52.15.38
625,Ferrel,Lingner,flingnerhc@senate.gov,Agender,157.242.2.116
626,Garik,Farnsworth,gfarnsworthhd@economist.com,Male,182.113.119.61
627,Palm,Wisam,pwisamhe@globo.com,Male,99.191.238.48
628,Alonzo,Silson,asilsonhf@nytimes.com,Male,49.222.148.145
629,Abram,Leggen,aleggenhg@smugmug.com,Male,145.224.251.34
630,Kittie,Fannon,kfannonhh@thetimes.co.uk,Female,233.239.193.147
631,Ximenes,Mackney,xmackneyhi@si.edu,Male,136.65.106.47
632,Lu,Keilty,lkeiltyhj@eepurl.com,Polygender,58.198.137.135
633,Zenia,Capp,zcapphk@cdc.gov,Genderfluid,157.20.153.141
634,Aretha,Mullis,amullishl@acquirethisname.com,Female,96.135.2.3
635,Clair,Youings,cyouingshm@ucla.edu,Male,80.135.72.167
636,Irvine,Paszak,ipaszakhn@hp.com,Male,197.93.109.176
637,Casandra,Noblet,cnobletho@gov.uk,Female,237.176.38.9
638,Shell,Jeduch,sjeduchhp@state.tx.us,Female,122.253.115.50
639,Starlene,Son,ssonhq@independent.co.uk,Female,45.179.238.240
640,Pen,Patrie,ppatriehr@phoca.cz,Male,94.106.150.112
641,Ezechiel,Roome,eroomehs@umich.edu,Male,186.169.143.197
642,Bord,Hinckes,bhinckesht@booking.com,Male,154.21.1.74
643,Mirabel,Ead,meadhu@1688.com,Female,176.106.104.39
644,Peirce,Filoniere,pfilonierehv@twitter.com,Male,16.42.228.0
645,Virginie,Cayet,vcayethw@feedburner.com,Female,24.132.0.221
646,Nannie,Whisson,nwhissonhx@irs.gov,Female,97.217.22.115
647,Nannie,Akeherst,nakehersthy@dmoz.org,Female,232.96.17.122
648,Joaquin,Arundale,jarundalehz@printfriendly.com,Male,175.216.250.146
649,Clay,Justis,cjustisi0@wp.com,Male,143.255.38.70
650,Lynn,Wyles,lwylesi1@addthis.com,Female,83.143.117.218
651,Kittie,Meecher,kmeecheri2@spotify.com,Female,132.244.179.171
652,Jase,Hemshall,jhemshalli3@constantcontact.com,Male,215.213.107.143
653,Clair,Connealy,cconnealyi4@shutterfly.com,Male,3.79.100.169
654,Dusty,Monnoyer,dmonnoyeri5@macromedia.com,Female,46.114.28.177
655,Carney,Edworthy,cedworthyi6@mozilla.com,Male,198.47.149.255
656,Emile,Ruperti,erupertii7@oakley.com,Male,23.176.130.161
657,Gipsy,Purton,gpurtoni8@friendfeed.com,Female,187.159.184.241
658,Pryce,Aston,pastoni9@symantec.com,Male,88.183.212.119
659,Uriah,Scroggs,uscroggsia@wired.com,Male,122.110.168.241
660,Xerxes,Schistl,xschistlib@harvard.edu,Male,163.20.232.81
661,Carlo,McRill,cmcrillic@latimes.com,Polygender,118.143.196.83
662,Wylie,Enrietto,wenriettoid@studiopress.com,Male,66.118.250.42
663,Eda,Woolf,ewoolfie@gravatar.com,Female,71.127.100.178
664,Ambros,Morfield,amorfieldif@yandex.ru,Male,236.210.140.175
665,Fransisco,Orhtmann,forhtmannig@phoca.cz,Non-binary,0.181.206.74
666,Fayette,Skipton,fskiptonih@cargocollective.com,Female,26.62.130.252
667,Maxi,Rennebeck,mrennebeckii@bloglines.com,Female,112.182.149.32
668,Brittani,Copozio,bcopozioij@ox.ac.uk,Female,77.239.149.244
669,Suzann,Pinson,spinsonik@addtoany.com,Female,83.143.228.47
670,Madison,Lowles,mlowlesil@scientificamerican.com,Male,104.118.74.114
671,Ulric,Winspear,uwinspearim@examiner.com,Male,56.51.70.126
672,Shelby,Bunney,sbunneyin@utexas.edu,Female,186.122.38.246
673,Clair,Rosendahl,crosendahlio@issuu.com,Male,222.128.117.19
674,Baily,Overall,boverallip@amazon.de,Male,25.17.182.227
675,Sascha,Maas,smaasiq@go.com,Female,179.238.167.108
676,Arlen,Stove,astoveir@elpais.com,Female,75.96.193.125
677,Indira,Rens,irensis@cnet.com,Non-binary,252.176.208.22
678,Rafe,Timcke,rtimckeit@ask.com,Male,41.134.61.58
679,Garret,Maylam,gmaylamiu@google.com.au,Male,76.168.137.220
680,Sanders,Maker,smakeriv@123-reg.co.uk,Male,131.51.207.57
681,Willa,MacAlister,wmacalisteriw@ustream.tv,Female,78.91.123.223
682,Bard,Minithorpe,bminithorpeix@indiegogo.com,Non-binary,237.112.102.160
683,Care,Seavers,cseaversiy@npr.org,Male,6.215.200.244
684,Caresse,Skep,cskepiz@wikimedia.org,Female,246.38.15.166
685,Ricca,Pawfoot,rpawfootj0@networksolutions.com,Female,122.253.85.205
686,Kathye,Woodroof,kwoodroofj1@state.gov,Female,31.82.189.180
687,Christophe,Dunbar,cdunbarj2@reddit.com,Male,159.179.185.99
688,Benedetto,Olivo,bolivoj3@google.pl,Male,232.236.243.58
689,Floyd,Bridgen,fbridgenj4@scientificamerican.com,Male,2.49.118.161
690,Trudy,Ferencowicz,tferencowiczj5@upenn.edu,Female,140.57.53.8
691,Benny,Andresen,bandresenj6@flavors.me,Male,138.240.112.30
692,Ibby,Martyn,imartynj7@oakley.com,Female,94.38.27.157
693,Walker,Fennessy,wfennessyj8@nature.com,Polygender,35.48.208.158
694,Parry,Treweela,ptreweelaj9@scribd.com,Bigender,114.73.79.253
695,Hubey,Janson,hjansonja@slate.com,Male,134.230.158.190
696,Carlo,De Rye Barrett,cderyebarrettjb@arstechnica.com,Male,48.142.199.96
697,Karel,Swyndley,kswyndleyjc@dedecms.com,Male,100.153.111.128
698,Bevon,Dillaway,bdillawayjd@springer.com,Male,42.242.16.214
699,Taite,Eburah,teburahje@theglobeandmail.com,Male,253.217.113.200
700,Colin,Downer,cdownerjf@disqus.com,Male,208.118.139.117
701,Dilan,Brown,dbrownjg@networkadvertising.org,Male,48.5.149.236
702,Burke,Wealthall,bwealthalljh@devhub.com,Male,171.170.16.36
703,Burnard,Le Blond,bleblondji@delicious.com,Male,137.30.121.225
704,Niki,Futty,nfuttyjj@sfgate.com,Male,222.198.9.157
705,Maribeth,Tovey,mtoveyjk@psu.edu,Female,46.198.147.227
706,Willey,Dugget,wduggetjl@ovh.net,Male,118.253.108.8
707,Basilio,Woodworth,bwoodworthjm@youku.com,Male,96.8.248.234
708,Ivie,Elnor,ielnorjn@foxnews.com,Female,148.4.130.234
709,Harli,Pettett,hpettettjo@pbs.org,Female,229.204.128.198
710,Evita,Rosas,erosasjp@51.la,Female,117.31.106.100
711,Ann-marie,Sinson,asinsonjq@earthlink.net,Female,59.44.208.5
712,Norman,Woodings,nwoodingsjr@reverbnation.com,Male,232.169.108.224
713,Eberhard,Derycot,ederycotjs@theglobeandmail.com,Male,230.33.213.35
714,Joela,Cammoile,jcammoilejt@geocities.com,Polygender,86.204.55.146
715,Antonino,Crix,acrixju@woothemes.com,Male,22.82.142.39
716,Tristam,Healeas,thealeasjv@vistaprint.com,Male,154.123.86.193
717,Chad,Devo,cdevojw@zimbio.com,Female,191.197.75.204
718,Stanford,Gittoes,sgittoesjx@bbb.org,Male,37.110.168.92
719,Gwyneth,Luard,gluardjy@webeden.co.uk,Female,51.48.53.254
720,Burnard,Ponton,bpontonjz@abc.net.au,Male,145.207.17.16
721,Carlen,Ching,cchingk0@google.it,Polygender,31.19.18.225
722,Fanechka,de Clerc,fdeclerck1@washington.edu,Female,198.87.143.250
723,Rayshell,Vel,rvelk2@theguardian.com,Female,154.130.126.133
724,Filmore,Hailes,fhailesk3@ehow.com,Male,151.34.238.93
725,Udall,Bentote,ubentotek4@elegantthemes.com,Male,190.51.147.108
726,Carmen,Gianelli,cgianellik5@soundcloud.com,Female,115.116.7.89
727,Morissa,Draysey,mdrayseyk6@networksolutions.com,Female,130.152.72.8
728,Rory,Neaverson,rneaversonk7@cnbc.com,Male,168.110.187.57
729,Carmita,Cathesyed,ccathesyedk8@weebly.com,Female,115.1.47.208
730,Darrick,Lepere,dleperek9@wunderground.com,Male,46.139.237.164
731,Blanch,Jepensen,bjepensenka@rakuten.co.jp,Female,16.99.32.140
732,Tibold,Wisbey,twisbeykb@soundcloud.com,Male,223.165.63.18
733,Olav,Iwanowski,oiwanowskikc@so-net.ne.jp,Male,163.10.227.227
734,Hersh,Corbould,hcorbouldkd@wufoo.com,Non-binary,212.175.21.124
735,Ivonne,Reith,ireithke@jugem.jp,Female,168.45.151.33
736,Kimberlee,Wychard,kwychardkf@godaddy.com,Female,233.236.55.135
737,Padgett,Pow,ppowkg@gnu.org,Male,127.251.74.126
738,Elicia,Klementz,eklementzkh@dropbox.com,Female,213.143.148.233
739,Bobbie,Crus,bcruski@dedecms.com,Female,144.252.164.230
740,Halsy,Camfield,hcamfieldkj@youku.com,Male,164.4.31.113
741,Stanleigh,Chetter,schetterkk@scientificamerican.com,Male,47.77.154.162
742,Rose,Sandbach,rsandbachkl@spotify.com,Female,128.108.21.188
743,Jilleen,Flaubert,jflaubertkm@de.vu,Female,43.73.206.57
744,Broddie,Soigoux,bsoigouxkn@salon.com,Male,71.140.165.62
745,Dinny,Shane,dshaneko@marriott.com,Female,41.96.228.144
746,Emmit,Gabbitis,egabbitiskp@wufoo.com,Male,33.19.132.196
747,Norah,Cordova,ncordovakq@goodreads.com,Female,68.29.241.74
748,Ailyn,Curtayne,acurtaynekr@wp.com,Female,198.39.217.153
749,Hamel,Delacour,hdelacourks@mail.ru,Male,126.243.64.196
750,Adena,Le Brun,alebrunkt@bluehost.com,Female,93.168.196.126
751,Yolande,Gelling,ygellingku@blogs.com,Female,232.204.197.247
752,Devora,Antosik,dantosikkv@behance.net,Female,106.238.252.53
753,Baron,Bedborough,bbedboroughkw@foxnews.com,Male,47.176.29.109
754,Virginie,Tilliard,vtilliardkx@mlb.com,Female,107.16.70.169
755,Beret,Searsby,bsearsbyky@xrea.com,Female,247.222.16.15
756,Francesco,Hellikes,fhellikeskz@google.com.br,Male,52.187.21.136
757,Christoph,Halwood,chalwoodl0@ameblo.jp,Male,172.13.91.220
758,Wade,Stallebrass,wstallebrassl1@icio.us,Male,132.60.14.74
759,Carlos,Barbara,cbarbaral2@ehow.com,Male,50.232.147.141
760,Eulalie,Maulin,emaulinl3@de.vu,Polygender,179.31.46.254
761,Jerry,Peeter,jpeeterl4@163.com,Male,70.225.249.225
762,Viviyan,Grinvalds,vgrinvaldsl5@networksolutions.com,Female,186.238.128.74
763,Clemmy,Laidlow,claidlowl6@com.com,Male,95.163.18.162
764,Jena,Martschik,jmartschikl7@seattletimes.com,Female,3.171.48.8
765,Eli,Reignolds,ereignoldsl8@upenn.edu,Male,119.21.241.194
766,Crista,Wellen,cwellenl9@paginegialle.it,Female,243.74.146.7
767,Ambrosio,Stickins,astickinsla@businessinsider.com,Male,107.123.148.170
768,Wat,Smaridge,wsmaridgelb@usatoday.com,Male,67.130.239.5
769,Garvey,Stammers,gstammerslc@baidu.com,Male,161.200.179.36
770,Bruce,Raunds,braundsld@jalbum.net,Male,163.11.2.174
771,Neill,Lording,nlordingle@disqus.com,Male,87.0.32.92
772,Mollee,Collumbell,mcollumbelllf@posterous.com,Female,218.109.191.188
773,Mendel,Lawdham,mlawdhamlg@deviantart.com,Male,86.128.108.222
774,Lydie,Haylett,lhaylettlh@amazonaws.com,Female,72.184.19.138
775,Pauly,Ouldcott,pouldcottli@imgur.com,Female,105.166.84.106
776,Caria,Crosston,ccrosstonlj@ihg.com,Female,97.36.137.70
777,Jeffrey,McEttigen,jmcettigenlk@scribd.com,Polygender,205.254.121.51
778,Chrysa,Euler,ceulerll@cbslocal.com,Female,221.7.216.167
779,Shelby,Obert,sobertlm@un.org,Male,50.99.249.210
780,Tito,Anglim,tanglimln@reuters.com,Male,104.132.90.60
781,Harper,Kristiansen,hkristiansenlo@google.com.au,Male,170.126.213.86
782,Benedict,Huffa,bhuffalp@artisteer.com,Male,126.64.5.117
783,Cher,Shoutt,cshouttlq@twitter.com,Female,144.111.66.214
784,Andy,MacVaugh,amacvaughlr@github.io,Male,97.110.64.126
785,Lenka,Jorg,ljorgls@symantec.com,Female,90.174.246.175
786,Sherman,Stirling,sstirlinglt@independent.co.uk,Male,179.204.75.255
787,Lorenzo,Jedrasik,ljedrasiklu@si.edu,Male,244.78.32.251
788,Clarette,Roache,croachelv@eepurl.com,Female,204.145.119.2
789,Maren,Scaysbrook,mscaysbrooklw@over-blog.com,Female,44.35.85.128
790,Sunny,Megainey,smegaineylx@facebook.com,Female,135.76.135.20
791,Kelby,Trickett,ktrickettly@shutterfly.com,Male,79.179.78.55
792,Bryan,Brandenburg,bbrandenburglz@chronoengine.com,Male,61.97.16.132
793,Gipsy,Murrey,gmurreym0@mediafire.com,Female,57.95.196.173
794,Letty,Franceschielli,lfranceschiellim1@sohu.com,Female,91.49.122.150
795,Luca,Denzilow,ldenzilowm2@cbc.ca,Male,30.98.171.60
796,Conn,Magowan,cmagowanm3@answers.com,Male,207.165.171.138
797,Selinda,Perton,spertonm4@scientificamerican.com,Female,167.127.81.80
798,Veradis,Coombe,vcoombem5@woothemes.com,Female,212.68.245.5
799,Sandy,Westcott,swestcottm6@techcrunch.com,Male,229.252.62.174
800,Camellia,Gioani,cgioanim7@ucla.edu,Female,178.61.97.130
801,Hastings,McGauhy,hmcgauhym8@trellian.com,Male,201.44.198.68
802,Fitz,Filkin,ffilkinm9@odnoklassniki.ru,Male,219.76.42.86
803,Will,Jelliman,wjellimanma@uiuc.edu,Male,231.157.180.125
804,Quintus,Amies,qamiesmb@behance.net,Male,110.180.14.144
805,Linzy,Bourgeois,lbourgeoismc@ox.ac.uk,Female,37.65.0.28
806,Briant,Spaduzza,bspaduzzamd@squidoo.com,Male,38.213.248.185
807,Gerianna,Kilgallon,gkilgallonme@wikipedia.org,Female,36.76.21.211
808,Trey,Haglinton,thaglintonmf@netvibes.com,Male,171.55.82.10
809,Ebonee,Lillegard,elillegardmg@about.com,Female,60.143.28.55
810,Annabel,Denniss,adennissmh@angelfire.com,Female,225.146.194.210
811,Charity,Fisher,cfishermi@opera.com,Bigender,13.231.221.67
812,Barbee,Kerwin,bkerwinmj@google.com.au,Female,127.40.88.91
813,Desmund,Besantie,dbesantiemk@blinklist.com,Male,159.167.233.198
814,Franchot,Upsale,fupsaleml@patch.com,Male,179.91.240.97
815,Boyce,Bolingbroke,bbolingbrokemm@accuweather.com,Male,22.103.245.7
816,Parke,Alpes,palpesmn@linkedin.com,Male,80.165.222.115
817,Mattie,Chagg,mchaggmo@hud.gov,Female,109.178.177.162
818,Annabell,Matthius,amatthiusmp@latimes.com,Female,44.137.244.141
819,Denyse,Klezmski,dklezmskimq@soundcloud.com,Female,116.180.250.65
820,Arlena,Burchett,aburchettmr@hubpages.com,Female,41.104.110.4
821,Mayer,Philipps,mphilippsms@ehow.com,Male,134.153.54.129
822,Ned,Sancho,nsanchomt@google.nl,Male,1.7.69.195
823,Dione,Harbisher,dharbishermu@over-blog.com,Female,159.38.189.205
824,Annabela,Van Saltsberg,avansaltsbergmv@opensource.org,Female,153.31.13.156
825,Elfrieda,Pallatina,epallatinamw@123-reg.co.uk,Female,167.62.72.229
826,Alexis,Gladdish,agladdishmx@storify.com,Female,255.152.251.216
827,Scarlet,Mellsop,smellsopmy@utexas.edu,Female,207.190.144.251
828,Sada,Burfoot,sburfootmz@hatena.ne.jp,Female,7.123.201.137
829,Gerrilee,Bambrough,gbambroughn0@sphinn.com,Female,26.14.31.213
830,Skell,Lohmeyer,slohmeyern1@shinystat.com,Male,50.130.229.74
831,Elden,Hellin,ehellinn2@reddit.com,Male,191.132.64.152
832,Leupold,Keerl,lkeerln3@addtoany.com,Male,127.226.201.53
833,Cassandry,Dunckley,cdunckleyn4@google.com,Female,111.79.186.14
834,Liana,Snoad,lsnoadn5@vinaora.com,Female,198.180.188.209
835,Brady,Devinn,bdevinnn6@zimbio.com,Male,47.39.222.80
836,Germaine,Coutthart,gcoutthartn7@t.co,Male,183.9.16.19
837,Tessa,Smithyman,tsmithymann8@fema.gov,Female,146.216.68.72
838,Ernaline,Gouldie,egouldien9@disqus.com,Female,50.213.245.164
839,Josh,Lockhart,jlockhartna@who.int,Male,51.2.202.102
840,Junina,Aspinall,jaspinallnb@goo.ne.jp,Female,27.186.95.69
841,Andy,McVicar,amcvicarnc@g.co,Male,14.183.33.140
842,Rosella,Domnick,rdomnicknd@wp.com,Female,93.165.169.211
843,Hasheem,Routledge,hroutledgene@is.gd,Male,72.244.247.9
844,Alisa,Halsted,ahalstednf@telegraph.co.uk,Female,211.65.167.119
845,Silvia,Lulham,slulhamng@odnoklassniki.ru,Polygender,14.82.156.182
846,Cece,Delgaty,cdelgatynh@unesco.org,Agender,64.56.64.97
847,Rolfe,Pinor,rpinorni@sitemeter.com,Male,225.31.91.132
848,Hobart,Lissimore,hlissimorenj@homestead.com,Male,231.98.158.142
849,Audie,Pawlicki,apawlickink@soundcloud.com,Female,178.242.131.191
850,Shina,Di Dello,sdidellonl@reddit.com,Genderfluid,250.34.150.100
851,Curr,Eales,cealesnm@ibm.com,Male,236.4.203.99
852,Edwina,Yardley,eyardleynn@github.io,Female,122.213.239.184
853,Rhody,Woffinden,rwoffindenno@amazon.co.uk,Female,30.34.55.118
854,Adan,Kivlin,akivlinnp@netvibes.com,Male,194.183.240.185
855,Kiel,McAndrew,kmcandrewnq@independent.co.uk,Male,98.21.110.53
856,Coraline,Collumbell,ccollumbellnr@opensource.org,Female,236.165.57.105
857,Muhammad,Revens,mrevensns@bloglovin.com,Male,18.218.188.161
858,Lise,Patriche,lpatrichent@tripadvisor.com,Female,177.36.178.148
859,Nanni,Fairpo,nfairponu@parallels.com,Female,137.103.76.30
860,North,Abeles,nabelesnv@shutterfly.com,Male,81.35.14.215
861,Matti,Montague,mmontaguenw@tumblr.com,Female,147.170.179.113
862,Natassia,Sheryne,nsherynenx@shinystat.com,Female,11.224.109.47
863,Hilliary,Gyde,hgydeny@macromedia.com,Female,189.154.237.116
864,Dante,Ochterlonie,dochterlonienz@china.com.cn,Male,55.214.102.198
865,Herc,Imison,himisono0@miibeian.gov.cn,Male,225.161.168.91
866,Valentine,Lantuffe,vlantuffeo1@answers.com,Female,242.32.148.25
867,Morganica,Mayhou,mmayhouo2@theatlantic.com,Female,107.163.124.16
868,Jaine,Olliff,jolliffo3@youku.com,Female,102.113.151.113
869,Anni,Dranfield,adranfieldo4@gmpg.org,Female,209.124.223.16
870,Ricky,Ropking,rropkingo5@berkeley.edu,Male,173.30.174.247
871,Darcy,Wilne,dwilneo6@stanford.edu,Male,64.153.40.211
872,Yance,Chatto,ychattoo7@msn.com,Genderqueer,139.137.190.203
873,Nathaniel,Muino,nmuinoo8@boston.com,Male,131.84.145.154
874,Rachelle,Campany,rcampanyo9@goodreads.com,Female,4.49.162.120
875,Helenelizabeth,Lambersen,hlambersenoa@uol.com.br,Female,167.111.74.39
876,Baudoin,Calverd,bcalverdob@dagondesign.com,Male,20.164.186.53
877,Barnard,Fansy,bfansyoc@elpais.com,Male,76.194.64.151
878,Donni,Eckery,deckeryod@fotki.com,Female,117.82.29.232
879,Micah,Guichard,mguichardoe@mapquest.com,Male,224.83.255.4
880,Mano,Budnik,mbudnikof@cnn.com,Male,111.162.93.15
881,Gabby,Beauchop,gbeauchopog@upenn.edu,Male,162.86.9.208
882,Orelia,Passe,opasseoh@cdc.gov,Female,124.135.169.177
883,Vince,Sawnwy,vsawnwyoi@marketwatch.com,Male,11.56.186.106
884,Brandyn,McGraith,bmcgraithoj@usnews.com,Bigender,220.37.33.150
885,Natty,Shiel,nshielok@webeden.co.uk,Male,50.167.148.240
886,Skipper,Matessian,smatessianol@eepurl.com,Male,53.37.247.240
887,Curry,Cloonan,ccloonanom@princeton.edu,Male,107.0.55.130
888,Gregoire,Jennings,gjenningson@constantcontact.com,Male,41.197.57.247
889,Andi,Slaughter,aslaughteroo@sun.com,Female,176.148.250.202
890,Sharlene,Argrave,sargraveop@prnewswire.com,Female,204.42.203.70
891,Ingram,Spinnace,ispinnaceoq@cisco.com,Male,211.210.187.138
892,Ariella,Khidr,akhidror@usatoday.com,Female,23.196.81.117
893,Fletcher,McMickan,fmcmickanos@umn.edu,Male,169.245.26.223
894,Beatriz,Dome,bdomeot@reuters.com,Female,104.32.127.227
895,Clemens,Halversen,chalversenou@mozilla.org,Male,30.205.52.166
896,Clevey,Channer,cchannerov@deviantart.com,Male,75.132.85.74
897,Lockwood,Beswetherick,lbeswetherickow@census.gov,Male,138.114.37.214
898,Kellie,Denyakin,kdenyakinox@people.com.cn,Female,125.234.117.119
899,Tony,Dredge,tdredgeoy@rakuten.co.jp,Male,89.119.193.112
900,Gabe,Wearing,gwearingoz@wikimedia.org,Male,131.164.250.18
901,Bradley,Barthot,bbarthotp0@senate.gov,Male,98.215.10.107
902,Marti,Plaid,mplaidp1@delicious.com,Female,175.219.101.145
903,Odele,Gosney,ogosneyp2@google.com.br,Female,128.116.156.31
904,Kahaleel,Shaves,kshavesp3@cdc.gov,Male,235.63.175.7
905,Alisa,Adam,aadamp4@amazon.co.uk,Female,220.109.135.1
906,Leeanne,O'Nolan,lonolanp5@marketwatch.com,Genderfluid,176.98.15.193
907,Rosanna,Collins,rcollinsp6@imgur.com,Female,105.232.184.76
908,Nicko,Hawket,nhawketp7@51.la,Male,97.203.137.177
909,Jonell,Gantzer,jgantzerp8@dion.ne.jp,Female,51.81.182.249
910,Melisse,Ricket,mricketp9@rediff.com,Female,15.224.235.50
911,Reinhard,Skoyles,rskoylespa@constantcontact.com,Agender,166.32.184.156
912,Eveleen,Verryan,everryanpb@google.cn,Female,234.211.202.189
913,Phillie,Hamson,phamsonpc@mac.com,Female,112.196.85.109
914,Annamarie,Sivess,asivesspd@youku.com,Female,32.97.168.109
915,Kacy,Fleg,kflegpe@home.pl,Female,112.181.13.188
916,Linzy,Delete,ldeletepf@nbcnews.com,Female,159.123.143.217
917,Rolando,Sanham,rsanhampg@pen.io,Male,54.44.126.159
918,Francene,Lean,fleanph@mapy.cz,Female,250.26.30.111
919,Bondie,Rabbatts,brabbattspi@va.gov,Male,197.12.4.71
920,Fairlie,Bowell,fbowellpj@istockphoto.com,Male,163.19.86.145
921,Albina,Bentke,abentkepk@cbc.ca,Non-binary,63.166.174.52
922,Kameko,Guilliatt,kguilliattpl@about.me,Female,224.77.0.194
923,Isabeau,Gerling,igerlingpm@yahoo.co.jp,Female,36.178.29.86
924,Yolanda,Biggerdike,ybiggerdikepn@ameblo.jp,Female,20.24.157.78
925,Saundra,Euplate,seuplatepo@sbwire.com,Female,38.199.243.200
926,Abie,Arnholdt,aarnholdtpp@bbc.co.uk,Male,143.92.57.161
927,Winthrop,Hannon,whannonpq@utexas.edu,Male,243.123.72.62
928,Arlan,Hannay,ahannaypr@eepurl.com,Male,30.113.134.121
929,Modestine,Syne,msyneps@scribd.com,Female,100.92.234.75
930,Ruddie,Yurocjhin,ryurocjhinpt@ox.ac.uk,Male,128.25.160.251
931,Ally,Bly,ablypu@jalbum.net,Non-binary,89.59.248.213
932,Nobie,Tesdale,ntesdalepv@flavors.me,Male,248.173.98.248
933,Orel,Dallander,odallanderpw@reverbnation.com,Female,226.5.2.21
934,Casey,Chinnery,cchinnerypx@nps.gov,Male,241.245.50.175
935,Margalit,Toseland,mtoselandpy@twitter.com,Female,108.134.224.224
936,Colman,Nowakowski,cnowakowskipz@discuz.net,Male,9.138.196.10
937,Krystle,Calfe,kcalfeq0@whitehouse.gov,Female,102.87.196.28
938,Karena,Baskeyfield,kbaskeyfieldq1@addthis.com,Non-binary,32.95.167.186
939,Alfons,Henrionot,ahenrionotq2@slashdot.org,Male,92.237.118.65
940,Kimberly,Chismon,kchismonq3@live.com,Female,130.141.195.167
941,Rudiger,Giurio,rgiurioq4@berkeley.edu,Genderfluid,251.139.232.149
942,Gussi,Kinleyside,gkinleysideq5@ft.com,Female,70.23.32.211
943,Gabriele,Alenikov,galenikovq6@ucla.edu,Male,136.35.132.52
944,Angeli,Kite,akiteq7@wisc.edu,Male,115.95.52.230
945,Samara,Winterscale,swinterscaleq8@bloglines.com,Female,32.23.245.185
946,Curry,Feasley,cfeasleyq9@icio.us,Male,168.178.5.191
947,Rheta,Rhucroft,rrhucroftqa@soup.io,Female,42.165.252.252
948,Kerri,Medhurst,kmedhurstqb@behance.net,Female,244.240.71.224
949,Querida,Erington,qeringtonqc@slate.com,Female,79.222.4.130
950,Bonnie,Stenning,bstenningqd@tuttocitta.it,Female,105.91.17.18
951,Jannelle,Kobu,jkobuqe@wix.com,Female,10.19.243.212
952,Sheri,Lattie,slattieqf@nature.com,Female,127.41.214.113
953,Chalmers,Whyteman,cwhytemanqg@springer.com,Male,238.205.223.18
954,Renato,Lumm,rlummqh@themeforest.net,Male,231.141.53.203
955,Jolynn,Stanaway,jstanawayqi@wp.com,Female,118.225.251.151
956,Bren,Henze,bhenzeqj@ask.com,Male,107.161.101.101
957,Katy,Di Biasi,kdibiasiqk@webeden.co.uk,Female,206.230.83.14
958,Luella,Grubb,lgrubbql@multiply.com,Agender,44.30.62.160
959,Zora,MacAndreis,zmacandreisqm@reuters.com,Female,38.39.202.76
960,Redd,Spink,rspinkqn@paypal.com,Male,2.49.57.143
961,Nicholle,Merrydew,nmerrydewqo@symantec.com,Genderfluid,179.255.21.180
962,Jillene,Collingdon,jcollingdonqp@ameblo.jp,Female,219.118.59.179
963,Lisha,Hannis,lhannisqq@google.pl,Female,161.239.221.42
964,Emanuel,Grishanov,egrishanovqr@google.nl,Male,197.146.179.133
965,Perice,McAuley,pmcauleyqs@liveinternet.ru,Male,46.193.226.105
966,Urson,Clementet,uclementetqt@cnet.com,Male,106.240.97.119
967,Jessalin,Massei,jmasseiqu@ustream.tv,Female,117.162.17.228
968,Merrick,Mattiassi,mmattiassiqv@163.com,Male,114.29.219.195
969,Yardley,Rangle,yrangleqw@timesonline.co.uk,Male,91.26.193.11
970,Hillie,Pindar,hpindarqx@reddit.com,Male,59.114.68.209
971,Averill,Tipler,atiplerqy@networksolutions.com,Male,216.108.205.159
972,Kacie,Kittow,kkittowqz@boston.com,Female,48.122.54.97
973,Burch,McSparran,bmcsparranr0@gmpg.org,Male,174.26.167.103
974,Alleyn,Shorter,ashorterr1@fastcompany.com,Male,5.26.126.150
975,Teddi,Mollett,tmollettr2@comcast.net,Female,92.99.55.27
976,Langsdon,Boden,lbodenr3@thetimes.co.uk,Male,26.186.13.132
977,Faythe,Cecchetelli,fcecchetellir4@free.fr,Female,111.224.29.230
978,Hestia,Hischke,hhischker5@live.com,Genderfluid,111.221.248.59
979,Odette,Quainton,oquaintonr6@skyrock.com,Female,48.94.105.163
980,Humphrey,Bortolazzi,hbortolazzir7@spiegel.de,Polygender,250.123.149.84
981,Mickie,Rudledge,mrudledger8@omniture.com,Female,227.203.76.134
982,Nelli,Warboy,nwarboyr9@webs.com,Agender,93.169.4.33
983,Pet,Walsom,pwalsomra@miibeian.gov.cn,Female,71.32.142.119
984,Mill,Whitesel,mwhiteselrb@ed.gov,Male,200.41.164.168
985,Welbie,Edmott,wedmottrc@yellowbook.com,Male,164.53.130.0
986,Lexy,Condon,lcondonrd@imageshack.us,Female,188.253.106.212
987,Catherina,Lyptrade,clyptradere@nydailynews.com,Female,171.163.183.17
988,Ebba,Lamb,elambrf@rakuten.co.jp,Female,8.82.66.141
989,Vidovic,Corre,vcorrerg@vimeo.com,Male,171.12.106.118
990,Alfonso,Skeeles,askeelesrh@whitehouse.gov,Male,2.172.224.219
991,Annecorinne,Harmour,aharmourri@clickbank.net,Female,24.190.9.231
992,Mack,Collinwood,mcollinwoodrj@salon.com,Male,244.17.202.163
993,Claiborne,Batterson,cbattersonrk@gnu.org,Male,37.124.25.28
994,Elmira,Espinet,eespinetrl@japanpost.jp,Bigender,2.193.195.251
995,Hermia,Salmond,hsalmondrm@tamu.edu,Bigender,84.220.167.234
996,Bradford,Fieller,bfiellerrn@senate.gov,Male,52.226.140.82
997,Wiley,Mettetal,wmettetalro@sfgate.com,Male,216.73.117.74
998,Brinna,Rewbottom,brewbottomrp@aboutads.info,Female,90.253.129.131
999,Mommy,Maykin,mmaykinrq@fema.gov,Female,251.44.28.81
1000,Reggis,Rostern,rrosternrr@bbb.org,Bigender,251.104.230.81
